playerID,Name,yearID,W
actama99,Manny Acta,2007,73
actama99,Manny Acta,2008,59
actama99,Manny Acta,2009,26
actama99,Manny Acta,2010,69
adairbi99,Bill Adair,1970,4
adcocjo01,Joe Adcock,1967,75
addybo01,Bob Addy,1875,3
addybo01,Bob Addy,1877,5
allenbo01,Bob Allen,1890,25
allenbo01,Bob Allen,1900,62
allisdo01,Doug Allison,1873,2
aloufe01,Felipe Alou,1992,70
aloufe01,Felipe Alou,1993,94
aloufe01,Felipe Alou,1994,74
aloufe01,Felipe Alou,1995,66
aloufe01,Felipe Alou,1996,88
aloufe01,Felipe Alou,1997,78
aloufe01,Felipe Alou,1998,65
aloufe01,Felipe Alou,1999,68
aloufe01,Felipe Alou,2000,67
aloufe01,Felipe Alou,2001,21
aloufe01,Felipe Alou,2003,100
aloufe01,Felipe Alou,2004,91
aloufe01,Felipe Alou,2005,75
aloufe01,Felipe Alou,2006,76
alstowa01,Walter Alston,1954,92
alstowa01,Walter Alston,1955,98
alstowa01,Walter Alston,1956,93
alstowa01,Walter Alston,1957,84
alstowa01,Walter Alston,1958,71
alstowa01,Walter Alston,1959,88
alstowa01,Walter Alston,1960,82
alstowa01,Walter Alston,1961,89
alstowa01,Walter Alston,1962,102
alstowa01,Walter Alston,1963,99
alstowa01,Walter Alston,1964,80
alstowa01,Walter Alston,1965,97
alstowa01,Walter Alston,1966,95
alstowa01,Walter Alston,1967,73
alstowa01,Walter Alston,1968,76
alstowa01,Walter Alston,1969,85
alstowa01,Walter Alston,1970,87
alstowa01,Walter Alston,1971,89
alstowa01,Walter Alston,1972,85
alstowa01,Walter Alston,1973,95
alstowa01,Walter Alston,1974,102
alstowa01,Walter Alston,1975,88
alstowa01,Walter Alston,1976,90
altobjo01,Joe Altobelli,1977,75
altobjo01,Joe Altobelli,1978,89
altobjo01,Joe Altobelli,1979,61
altobjo01,Joe Altobelli,1983,98
altobjo01,Joe Altobelli,1984,85
altobjo01,Joe Altobelli,1985,29
altobjo01,Joe Altobelli,1991,0
amalfjo01,Joey Amalfitano,1979,2
amalfjo01,Joey Amalfitano,1980,26
amalfjo01,Joey Amalfitano,1981,38
andersp01,Sparky Anderson,1970,102
andersp01,Sparky Anderson,1971,79
andersp01,Sparky Anderson,1972,95
andersp01,Sparky Anderson,1973,99
andersp01,Sparky Anderson,1974,98
andersp01,Sparky Anderson,1975,108
andersp01,Sparky Anderson,1976,102
andersp01,Sparky Anderson,1977,88
andersp01,Sparky Anderson,1978,92
andersp01,Sparky Anderson,1979,56
andersp01,Sparky Anderson,1980,84
andersp01,Sparky Anderson,1981,60
andersp01,Sparky Anderson,1982,83
andersp01,Sparky Anderson,1983,92
andersp01,Sparky Anderson,1984,104
andersp01,Sparky Anderson,1985,84
andersp01,Sparky Anderson,1986,87
andersp01,Sparky Anderson,1987,98
andersp01,Sparky Anderson,1988,88
andersp01,Sparky Anderson,1989,59
andersp01,Sparky Anderson,1990,79
andersp01,Sparky Anderson,1991,84
andersp01,Sparky Anderson,1992,75
andersp01,Sparky Anderson,1993,85
andersp01,Sparky Anderson,1994,53
andersp01,Sparky Anderson,1995,60
ansonca01,Cap Anson,1875,4
ansonca01,Cap Anson,1879,41
ansonca01,Cap Anson,1880,67
ansonca01,Cap Anson,1881,56
ansonca01,Cap Anson,1882,55
ansonca01,Cap Anson,1883,59
ansonca01,Cap Anson,1884,62
ansonca01,Cap Anson,1885,87
ansonca01,Cap Anson,1886,90
ansonca01,Cap Anson,1887,71
ansonca01,Cap Anson,1888,77
ansonca01,Cap Anson,1889,67
ansonca01,Cap Anson,1890,84
ansonca01,Cap Anson,1891,82
ansonca01,Cap Anson,1892,70
ansonca01,Cap Anson,1893,56
ansonca01,Cap Anson,1894,57
ansonca01,Cap Anson,1895,72
ansonca01,Cap Anson,1896,71
ansonca01,Cap Anson,1897,59
ansonca01,Cap Anson,1898,9
applilu01,Luke Appling,1967,10
armoubi99,Bill Armour,1902,69
armoubi99,Bill Armour,1903,77
armoubi99,Bill Armour,1904,86
armoubi99,Bill Armour,1905,79
armoubi99,Bill Armour,1906,71
asproke01,Ken Aspromonte,1972,72
asproke01,Ken Aspromonte,1973,71
asproke01,Ken Aspromonte,1974,77
austiji01,Jimmy Austin,1913,2
austiji01,Jimmy Austin,1918,7
austiji01,Jimmy Austin,1923,22
bakerde01,Del Baker,1933,2
bakerde01,Del Baker,1936,18
bakerde01,Del Baker,1937,41
bakerde01,Del Baker,1938,37
bakerde01,Del Baker,1939,81
bakerde01,Del Baker,1940,90
bakerde01,Del Baker,1941,75
bakerde01,Del Baker,1942,73
bakerde01,Del Baker,1960,2
bakerdu01,Dusty Baker,1993,103
bakerdu01,Dusty Baker,1994,55
bakerdu01,Dusty Baker,1995,67
bakerdu01,Dusty Baker,1996,68
bakerdu01,Dusty Baker,1997,90
bakerdu01,Dusty Baker,1998,89
bakerdu01,Dusty Baker,1999,86
bakerdu01,Dusty Baker,2000,97
bakerdu01,Dusty Baker,2001,90
bakerdu01,Dusty Baker,2002,95
bakerdu01,Dusty Baker,2003,88
bakerdu01,Dusty Baker,2004,89
bakerdu01,Dusty Baker,2005,79
bakerdu01,Dusty Baker,2006,66
bakerdu01,Dusty Baker,2008,74
bakerdu01,Dusty Baker,2009,78
bakerdu01,Dusty Baker,2010,91
bambege01,George Bamberger,1978,93
bambege01,George Bamberger,1979,95
bambege01,George Bamberger,1980,47
bambege01,George Bamberger,1982,65
bambege01,George Bamberger,1983,16
bambege01,George Bamberger,1985,71
bambege01,George Bamberger,1986,71
bancrda01,Dave Bancroft,1924,53
bancrda01,Dave Bancroft,1925,70
bancrda01,Dave Bancroft,1926,66
bancrda01,Dave Bancroft,1927,60
bancrfr99,Frank Bancroft,1880,40
bancrfr99,Frank Bancroft,1881,41
bancrfr99,Frank Bancroft,1882,42
bancrfr99,Frank Bancroft,1883,55
bancrfr99,Frank Bancroft,1884,84
bancrfr99,Frank Bancroft,1885,53
bancrfr99,Frank Bancroft,1887,26
bancrfr99,Frank Bancroft,1889,25
bancrfr99,Frank Bancroft,1902,9
barklsa01,Sam Barkley,1888,21
barnibi01,Billy Barnie,1883,28
barnibi01,Billy Barnie,1884,63
barnibi01,Billy Barnie,1885,41
barnibi01,Billy Barnie,1886,48
barnibi01,Billy Barnie,1887,77
barnibi01,Billy Barnie,1888,57
barnibi01,Billy Barnie,1889,70
barnibi01,Billy Barnie,1890,15
barnibi01,Billy Barnie,1891,71
barnibi01,Billy Barnie,1892,0
barnibi01,Billy Barnie,1893,50
barnibi01,Billy Barnie,1894,36
barnibi01,Billy Barnie,1897,61
barnibi01,Billy Barnie,1898,15
barroed99,Ed Barrow,1903,65
barroed99,Ed Barrow,1904,32
barroed99,Ed Barrow,1918,75
barroed99,Ed Barrow,1919,66
barroed99,Ed Barrow,1920,72
barryja01,Jack Barry,1917,90
battijo01,Joe Battin,1883,2
battijo01,Joe Battin,1884,7
bauerha01,Hank Bauer,1961,35
bauerha01,Hank Bauer,1962,72
bauerha01,Hank Bauer,1964,97
bauerha01,Hank Bauer,1965,94
bauerha01,Hank Bauer,1966,97
bauerha01,Hank Bauer,1967,76
bauerha01,Hank Bauer,1968,43
bauerha01,Hank Bauer,1969,80
baylodo01,Don Baylor,1993,67
baylodo01,Don Baylor,1994,53
baylodo01,Don Baylor,1995,77
baylodo01,Don Baylor,1996,83
baylodo01,Don Baylor,1997,83
baylodo01,Don Baylor,1998,77
baylodo01,Don Baylor,2000,65
baylodo01,Don Baylor,2001,88
baylodo01,Don Baylor,2002,34
bellbu01,Buddy Bell,1996,53
bellbu01,Buddy Bell,1997,79
bellbu01,Buddy Bell,1998,52
bellbu01,Buddy Bell,2000,82
bellbu01,Buddy Bell,2001,73
bellbu01,Buddy Bell,2002,6
bellbu01,Buddy Bell,2005,43
bellbu01,Buddy Bell,2006,62
bellbu01,Buddy Bell,2007,69
bensove01,Vern Benson,1977,1
berrayo01,Yogi Berra,1964,99
berrayo01,Yogi Berra,1972,83
berrayo01,Yogi Berra,1973,82
berrayo01,Yogi Berra,1974,71
berrayo01,Yogi Berra,1975,56
berrayo01,Yogi Berra,1984,87
berrayo01,Yogi Berra,1985,6
bevinte99,Terry Bevington,1995,57
bevinte99,Terry Bevington,1996,85
bevinte99,Terry Bevington,1997,80
bezdehu99,Hugo Bezdek,1917,30
bezdehu99,Hugo Bezdek,1918,65
bezdehu99,Hugo Bezdek,1919,71
bicke99,John Bickerton,1884,0
birmijo01,Joe Birmingham,1912,21
birmijo01,Joe Birmingham,1913,86
birmijo01,Joe Birmingham,1914,51
birmijo01,Joe Birmingham,1915,12
bissode01,Del Bissonette,1945,25
blackbu02,Buddy Black,2007,89
blackbu02,Buddy Black,2008,63
blackbu02,Buddy Black,2009,75
blackbu02,Buddy Black,2010,90
blackle01,Lena Blackburne,1928,40
blackle01,Lena Blackburne,1929,59
bladera01,Ray Blades,1939,92
bladera01,Ray Blades,1940,14
bladera01,Ray Blades,1948,1
blairwa01,Walter Blair,1915,1
bluegos01,Ossie Bluege,1943,84
bluegos01,Ossie Bluege,1944,64
bluegos01,Ossie Bluege,1945,87
bluegos01,Ossie Bluege,1946,76
bluegos01,Ossie Bluege,1947,64
bochybr01,Bruce Bochy,1995,70
bochybr01,Bruce Bochy,1996,91
bochybr01,Bruce Bochy,1997,76
bochybr01,Bruce Bochy,1998,98
bochybr01,Bruce Bochy,1999,74
bochybr01,Bruce Bochy,2000,76
bochybr01,Bruce Bochy,2001,79
bochybr01,Bruce Bochy,2002,66
bochybr01,Bruce Bochy,2003,64
bochybr01,Bruce Bochy,2004,87
bochybr01,Bruce Bochy,2005,82
bochybr01,Bruce Bochy,2006,88
bochybr01,Bruce Bochy,2007,71
bochybr01,Bruce Bochy,2008,72
bochybr01,Bruce Bochy,2009,88
bochybr01,Bruce Bochy,2010,92
bolesjo99,John Boles,1996,40
bolesjo99,John Boles,1999,64
bolesjo99,John Boles,2000,79
bolesjo99,John Boles,2001,22
bondto01,Tommy Bond,1882,2
boonebo01,Bob Boone,1995,70
boonebo01,Bob Boone,1996,75
boonebo01,Bob Boone,1997,36
boonebo01,Bob Boone,2001,66
boonebo01,Bob Boone,2002,78
boonebo01,Bob Boone,2003,46
borosst01,Steve Boros,1983,74
borosst01,Steve Boros,1984,20
borosst01,Steve Boros,1986,74
bottoji01,Jim Bottomley,1937,21
boudrlo01,Lou Boudreau,1942,75
boudrlo01,Lou Boudreau,1943,82
boudrlo01,Lou Boudreau,1944,72
boudrlo01,Lou Boudreau,1945,73
boudrlo01,Lou Boudreau,1946,68
boudrlo01,Lou Boudreau,1947,80
boudrlo01,Lou Boudreau,1948,97
boudrlo01,Lou Boudreau,1949,89
boudrlo01,Lou Boudreau,1950,92
boudrlo01,Lou Boudreau,1952,76
boudrlo01,Lou Boudreau,1953,84
boudrlo01,Lou Boudreau,1954,69
boudrlo01,Lou Boudreau,1955,63
boudrlo01,Lou Boudreau,1956,52
boudrlo01,Lou Boudreau,1957,36
boudrlo01,Lou Boudreau,1960,54
bowala01,Larry Bowa,1987,65
bowala01,Larry Bowa,1988,16
bowala01,Larry Bowa,2001,86
bowala01,Larry Bowa,2002,80
bowala01,Larry Bowa,2003,86
bowala01,Larry Bowa,2004,85
bowerfr01,Frank Bowerman,1909,22
boydbi01,Bill Boyd,1875,0
boyerke01,Ken Boyer,1978,62
boyerke01,Ken Boyer,1979,86
boyerke01,Ken Boyer,1980,18
bradlbi01,Bill Bradley,1905,20
bradlbi01,Bill Bradley,1914,77
bragabo01,Bobby Bragan,1956,66
bragabo01,Bobby Bragan,1957,36
bragabo01,Bobby Bragan,1958,31
bragabo01,Bobby Bragan,1963,84
bragabo01,Bobby Bragan,1964,88
bragabo01,Bobby Bragan,1965,86
bragabo01,Bobby Bragan,1966,52
brenlbo01,Bob Brenly,2001,92
brenlbo01,Bob Brenly,2002,98
brenlbo01,Bob Brenly,2003,84
brenlbo01,Bob Brenly,2004,29
bresnro01,Roger Bresnahan,1909,54
bresnro01,Roger Bresnahan,1910,63
bresnro01,Roger Bresnahan,1911,75
bresnro01,Roger Bresnahan,1912,63
bresnro01,Roger Bresnahan,1915,73
bristda99,Dave Bristol,1966,39
bristda99,Dave Bristol,1967,87
bristda99,Dave Bristol,1968,83
bristda99,Dave Bristol,1969,89
bristda99,Dave Bristol,1970,65
bristda99,Dave Bristol,1971,69
bristda99,Dave Bristol,1972,10
bristda99,Dave Bristol,1976,70
bristda99,Dave Bristol,1977,60
bristda99,Dave Bristol,1979,10
bristda99,Dave Bristol,1980,75
brownda99,Daren Brown,2010,19
brownfr99,Freeman Brown,1882,9
brownmo01,Mordecai Brown,1914,50
brownto01,Tom Brown,1897,52
brownto01,Tom Brown,1898,12
bruckea01,Earle Brucker,1952,3
buckeal99,Al Buckenberger,1889,60
buckeal99,Al Buckenberger,1890,39
buckeal99,Al Buckenberger,1892,53
buckeal99,Al Buckenberger,1893,81
buckeal99,Al Buckenberger,1894,53
buckeal99,Al Buckenberger,1895,16
buckeal99,Al Buckenberger,1902,73
buckeal99,Al Buckenberger,1903,58
buckeal99,Al Buckenberger,1904,55
buffich01,Charlie Buffinton,1890,61
burdoja01,Jack Burdock,1883,30
burkeji01,Jimmy Burke,1905,34
burkeji01,Jimmy Burke,1918,29
burkeji01,Jimmy Burke,1919,67
burkeji01,Jimmy Burke,1920,76
burnhwa99,Watch Burnham,1887,6
burnsto01,Tom Burns,1892,27
burnsto01,Tom Burns,1898,85
burnsto01,Tom Burns,1899,75
burwebi01,Bill Burwell,1947,1
bushdo01,Donie Bush,1923,75
bushdo01,Donie Bush,1927,94
bushdo01,Donie Bush,1928,85
bushdo01,Donie Bush,1929,67
bushdo01,Donie Bush,1930,62
bushdo01,Donie Bush,1931,56
bushdo01,Donie Bush,1933,58
butleor99,Ormond Butler,1883,17
byrnech99,Charlie Byrne,1885,38
byrnech99,Charlie Byrne,1886,76
byrnech99,Charlie Byrne,1887,60
callani01,Jimmy Callahan,1903,60
callani01,Jimmy Callahan,1904,23
callani01,Jimmy Callahan,1912,78
callani01,Jimmy Callahan,1913,78
callani01,Jimmy Callahan,1914,70
callani01,Jimmy Callahan,1916,65
callani01,Jimmy Callahan,1917,20
campaco01,Count Campau,1890,27
cantijo99,Joe Cantillon,1907,49
cantijo99,Joe Cantillon,1908,67
cantijo99,Joe Cantillon,1909,42
careyma01,Max Carey,1932,81
careyma01,Max Carey,1933,65
careyto01,Tom Carey,1873,14
careyto01,Tom Carey,1874,13
carribi02,Bill Carrigan,1913,40
carribi02,Bill Carrigan,1914,91
carribi02,Bill Carrigan,1915,101
carribi02,Bill Carrigan,1916,91
carribi02,Bill Carrigan,1927,51
carribi02,Bill Carrigan,1928,57
carribi02,Bill Carrigan,1929,58
carutbo01,Bob Caruthers,1892,16
cavarph01,Phil Cavarretta,1951,27
cavarph01,Phil Cavarretta,1952,77
cavarph01,Phil Cavarretta,1953,65
cayloop99,Ollie Caylor,1885,63
cayloop99,Ollie Caylor,1886,65
cayloop99,Ollie Caylor,1887,35
chancfr01,Frank Chance,1905,55
chancfr01,Frank Chance,1906,116
chancfr01,Frank Chance,1907,107
chancfr01,Frank Chance,1908,99
chancfr01,Frank Chance,1909,104
chancfr01,Frank Chance,1910,104
chancfr01,Frank Chance,1911,92
chancfr01,Frank Chance,1912,91
chancfr01,Frank Chance,1913,57
chancfr01,Frank Chance,1914,60
chancfr01,Frank Chance,1923,61
chapmbe01,Ben Chapman,1945,28
chapmbe01,Ben Chapman,1946,69
chapmbe01,Ben Chapman,1947,62
chapmbe01,Ben Chapman,1948,37
chapmja01,Jack Chapman,1876,30
chapmja01,Jack Chapman,1877,35
chapmja01,Jack Chapman,1878,15
chapmja01,Jack Chapman,1882,7
chapmja01,Jack Chapman,1883,40
chapmja01,Jack Chapman,1884,28
chapmja01,Jack Chapman,1885,31
chapmja01,Jack Chapman,1889,1
chapmja01,Jack Chapman,1890,88
chapmja01,Jack Chapman,1891,55
chapmja01,Jack Chapman,1892,21
chaseha01,Hal Chase,1910,10
chaseha01,Hal Chase,1911,76
clappjo01,John Clapp,1872,5
clappjo01,John Clapp,1878,24
clappjo01,John Clapp,1879,46
clappjo01,John Clapp,1880,21
clappjo01,John Clapp,1881,32
clappjo01,John Clapp,1883,46
clarkda05,Dave Clark,2009,4
clarkfr01,Fred Clarke,1897,35
clarkfr01,Fred Clarke,1898,70
clarkfr01,Fred Clarke,1899,75
clarkfr01,Fred Clarke,1900,79
clarkfr01,Fred Clarke,1901,90
clarkfr01,Fred Clarke,1902,103
clarkfr01,Fred Clarke,1903,91
clarkfr01,Fred Clarke,1904,87
clarkfr01,Fred Clarke,1905,96
clarkfr01,Fred Clarke,1906,93
clarkfr01,Fred Clarke,1907,91
clarkfr01,Fred Clarke,1908,98
clarkfr01,Fred Clarke,1909,110
clarkfr01,Fred Clarke,1910,86
clarkfr01,Fred Clarke,1911,85
clarkfr01,Fred Clarke,1912,93
clarkfr01,Fred Clarke,1913,78
clarkfr01,Fred Clarke,1914,69
clarkfr01,Fred Clarke,1915,73
clemeja01,Jack Clements,1890,13
clintji01,Jim Clinton,1872,0
cobbty01,Ty Cobb,1921,71
cobbty01,Ty Cobb,1922,79
cobbty01,Ty Cobb,1923,83
cobbty01,Ty Cobb,1924,86
cobbty01,Ty Cobb,1925,81
cobbty01,Ty Cobb,1926,79
cochrmi01,Mickey Cochrane,1934,101
cochrmi01,Mickey Cochrane,1935,93
cochrmi01,Mickey Cochrane,1936,65
cochrmi01,Mickey Cochrane,1937,42
cochrmi01,Mickey Cochrane,1938,47
cohenan01,Andy Cohen,1960,1
colembo01,Bob Coleman,1943,21
colembo01,Bob Coleman,1944,65
colembo01,Bob Coleman,1945,42
colemje01,Jerry Coleman,1980,73
collied01,Eddie Collins,1924,14
collied01,Eddie Collins,1925,79
collied01,Eddie Collins,1926,81
colliji01,Jimmy Collins,1901,79
colliji01,Jimmy Collins,1902,77
colliji01,Jimmy Collins,1903,91
colliji01,Jimmy Collins,1904,95
colliji01,Jimmy Collins,1905,78
colliji01,Jimmy Collins,1906,35
collish01,Shano Collins,1931,62
collish01,Shano Collins,1932,11
collite99,Terry Collins,1994,66
collite99,Terry Collins,1995,76
collite99,Terry Collins,1996,82
collite99,Terry Collins,1997,84
collite99,Terry Collins,1998,85
collite99,Terry Collins,1999,51
comisch01,Charlie Comiskey,1883,12
comisch01,Charlie Comiskey,1884,16
comisch01,Charlie Comiskey,1885,79
comisch01,Charlie Comiskey,1886,93
comisch01,Charlie Comiskey,1887,95
comisch01,Charlie Comiskey,1888,92
comisch01,Charlie Comiskey,1889,90
comisch01,Charlie Comiskey,1890,75
comisch01,Charlie Comiskey,1891,86
comisch01,Charlie Comiskey,1892,82
comisch01,Charlie Comiskey,1893,65
comisch01,Charlie Comiskey,1894,55
connoro01,Roger Connor,1896,8
cookedu01,Dusty Cooke,1948,6
coombja01,Jack Coombs,1919,18
coonejo01,Johnny Cooney,1949,20
coopece01,Cecil Cooper,2007,15
coopece01,Cecil Cooper,2008,86
coopece01,Cecil Cooper,2009,70
corrapa01,Pat Corrales,1978,1
corrapa01,Pat Corrales,1979,83
corrapa01,Pat Corrales,1980,76
corrapa01,Pat Corrales,1982,89
corrapa01,Pat Corrales,1983,73
corrapa01,Pat Corrales,1984,75
corrapa01,Pat Corrales,1985,60
corrapa01,Pat Corrales,1986,84
corrapa01,Pat Corrales,1987,31
corrire01,Red Corriden,1950,52
cottich01,Chuck Cottier,1984,15
cottich01,Chuck Cottier,1985,74
cottich01,Chuck Cottier,1986,9
coxbo01,Bobby Cox,1978,69
coxbo01,Bobby Cox,1979,66
coxbo01,Bobby Cox,1980,81
coxbo01,Bobby Cox,1981,50
coxbo01,Bobby Cox,1982,78
coxbo01,Bobby Cox,1983,89
coxbo01,Bobby Cox,1984,89
coxbo01,Bobby Cox,1985,99
coxbo01,Bobby Cox,1990,40
coxbo01,Bobby Cox,1991,94
coxbo01,Bobby Cox,1992,98
coxbo01,Bobby Cox,1993,104
coxbo01,Bobby Cox,1994,68
coxbo01,Bobby Cox,1995,90
coxbo01,Bobby Cox,1996,96
coxbo01,Bobby Cox,1997,101
coxbo01,Bobby Cox,1998,106
coxbo01,Bobby Cox,1999,103
coxbo01,Bobby Cox,2000,95
coxbo01,Bobby Cox,2001,88
coxbo01,Bobby Cox,2002,101
coxbo01,Bobby Cox,2003,101
coxbo01,Bobby Cox,2004,96
coxbo01,Bobby Cox,2005,90
coxbo01,Bobby Cox,2006,79
coxbo01,Bobby Cox,2007,84
coxbo01,Bobby Cox,2008,72
coxbo01,Bobby Cox,2009,86
coxbo01,Bobby Cox,2010,91
craftha01,Harry Craft,1957,23
craftha01,Harry Craft,1958,73
craftha01,Harry Craft,1959,66
craftha01,Harry Craft,1961,7
craftha01,Harry Craft,1962,64
craftha01,Harry Craft,1963,66
craftha01,Harry Craft,1964,61
craigro01,Roger Craig,1978,84
craigro01,Roger Craig,1979,68
craigro01,Roger Craig,1985,6
craigro01,Roger Craig,1986,83
craigro01,Roger Craig,1987,90
craigro01,Roger Craig,1988,83
craigro01,Roger Craig,1989,92
craigro01,Roger Craig,1990,85
craigro01,Roger Craig,1991,75
craigro01,Roger Craig,1992,72
crandde01,Del Crandall,1972,54
crandde01,Del Crandall,1973,74
crandde01,Del Crandall,1974,76
crandde01,Del Crandall,1975,67
crandde01,Del Crandall,1983,34
crandde01,Del Crandall,1984,59
cranesa01,Sam Crane,1880,24
cranesa01,Sam Crane,1884,49
cravaga01,Gavvy Cravath,1919,29
cravaga01,Gavvy Cravath,1920,62
cravebi01,Bill Craver,1871,12
cravebi01,Bill Craver,1872,27
cravebi01,Bill Craver,1874,29
cravebi01,Bill Craver,1875,2
cravebi01,Bill Craver,1876,21
creamge01,George Creamer,1884,0
cronijo01,Joe Cronin,1933,99
cronijo01,Joe Cronin,1934,66
cronijo01,Joe Cronin,1935,78
cronijo01,Joe Cronin,1936,74
cronijo01,Joe Cronin,1937,80
cronijo01,Joe Cronin,1938,88
cronijo01,Joe Cronin,1939,89
cronijo01,Joe Cronin,1940,82
cronijo01,Joe Cronin,1941,84
cronijo01,Joe Cronin,1942,93
cronijo01,Joe Cronin,1943,68
cronijo01,Joe Cronin,1944,77
cronijo01,Joe Cronin,1945,71
cronijo01,Joe Cronin,1946,104
cronijo01,Joe Cronin,1947,83
crookja01,Jack Crooks,1892,27
crossla01,Lave Cross,1899,8
cubbami01,Mike Cubbage,1991,3
curtied99,Ed Curtis,1884,6
cushmch99,Charlie Cushman,1891,21
cuthbne01,Ned Cuthbert,1882,37
dahlebi01,Bill Dahlen,1910,64
dahlebi01,Bill Dahlen,1911,64
dahlebi01,Bill Dahlen,1912,58
dahlebi01,Bill Dahlen,1913,65
darkal01,Al Dark,1961,85
darkal01,Al Dark,1962,103
darkal01,Al Dark,1963,88
darkal01,Al Dark,1964,90
darkal01,Al Dark,1966,74
darkal01,Al Dark,1967,52
darkal01,Al Dark,1968,86
darkal01,Al Dark,1969,62
darkal01,Al Dark,1970,76
darkal01,Al Dark,1971,42
darkal01,Al Dark,1974,90
darkal01,Al Dark,1975,98
darkal01,Al Dark,1977,48
davenji01,Jim Davenport,1985,56
davidmo99,Mordecai Davidson,1888,35
davisge01,George Davis,1895,16
davisge01,George Davis,1900,39
davisge01,George Davis,1901,52
davisha01,Harry Davis,1912,54
davissp01,Spud Davis,1946,1
dayjo99,John Day,1899,29
deaneha01,Harry Deane,1871,2
dentbu01,Bucky Dent,1989,18
dentbu01,Bucky Dent,1990,18
dickebi01,Bill Dickey,1946,57
diddlha99,Harry Diddlebock,1896,7
dierkla01,Larry Dierker,1997,84
dierkla01,Larry Dierker,1998,102
dierkla01,Larry Dierker,1999,84
dierkla01,Larry Dierker,2000,72
dierkla01,Larry Dierker,2001,93
dobyla01,Larry Doby,1978,37
donovbi01,Bill Donovan,1915,69
donovbi01,Bill Donovan,1916,80
donovbi01,Bill Donovan,1917,71
donovbi01,Bill Donovan,1921,25
donovpa01,Patsy Donovan,1897,60
donovpa01,Patsy Donovan,1899,69
donovpa01,Patsy Donovan,1901,76
donovpa01,Patsy Donovan,1902,56
donovpa01,Patsy Donovan,1903,43
donovpa01,Patsy Donovan,1904,37
donovpa01,Patsy Donovan,1906,66
donovpa01,Patsy Donovan,1907,65
donovpa01,Patsy Donovan,1908,53
donovpa01,Patsy Donovan,1910,81
donovpa01,Patsy Donovan,1911,78
dooinre01,Red Dooin,1910,78
dooinre01,Red Dooin,1911,79
dooinre01,Red Dooin,1912,73
dooinre01,Red Dooin,1913,88
dooinre01,Red Dooin,1914,74
dorgami01,Mike Dorgan,1879,17
dorgami01,Mike Dorgan,1880,26
dorgami01,Mike Dorgan,1881,24
dowdto01,Tommy Dowd,1896,25
dowdto01,Tommy Dowd,1897,6
doyleja01,Jack Doyle,1895,32
doyleja01,Jack Doyle,1898,8
dressch01,Chuck Dressen,1934,21
dressch01,Chuck Dressen,1935,68
dressch01,Chuck Dressen,1936,74
dressch01,Chuck Dressen,1937,51
dressch01,Chuck Dressen,1951,97
dressch01,Chuck Dressen,1952,96
dressch01,Chuck Dressen,1953,105
dressch01,Chuck Dressen,1955,53
dressch01,Chuck Dressen,1956,59
dressch01,Chuck Dressen,1957,4
dressch01,Chuck Dressen,1960,88
dressch01,Chuck Dressen,1961,71
dressch01,Chuck Dressen,1963,55
dressch01,Chuck Dressen,1964,85
dressch01,Chuck Dressen,1965,65
dressch01,Chuck Dressen,1966,16
duffyhu01,Hugh Duffy,1901,48
duffyhu01,Hugh Duffy,1904,52
duffyhu01,Hugh Duffy,1905,83
duffyhu01,Hugh Duffy,1906,71
duffyhu01,Hugh Duffy,1910,68
duffyhu01,Hugh Duffy,1911,77
duffyhu01,Hugh Duffy,1921,75
duffyhu01,Hugh Duffy,1922,61
dunlafr01,Fred Dunlap,1882,42
dunlafr01,Fred Dunlap,1884,66
dunlafr01,Fred Dunlap,1885,30
dunlafr01,Fred Dunlap,1889,7
durocle01,Leo Durocher,1939,84
durocle01,Leo Durocher,1940,88
durocle01,Leo Durocher,1941,100
durocle01,Leo Durocher,1942,104
durocle01,Leo Durocher,1943,81
durocle01,Leo Durocher,1944,63
durocle01,Leo Durocher,1945,87
durocle01,Leo Durocher,1946,96
durocle01,Leo Durocher,1948,76
durocle01,Leo Durocher,1949,73
durocle01,Leo Durocher,1950,86
durocle01,Leo Durocher,1951,98
durocle01,Leo Durocher,1952,92
durocle01,Leo Durocher,1953,70
durocle01,Leo Durocher,1954,97
durocle01,Leo Durocher,1955,80
durocle01,Leo Durocher,1966,59
durocle01,Leo Durocher,1967,87
durocle01,Leo Durocher,1968,84
durocle01,Leo Durocher,1969,92
durocle01,Leo Durocher,1970,84
durocle01,Leo Durocher,1971,83
durocle01,Leo Durocher,1972,62
durocle01,Leo Durocher,1973,82
dwyerfr01,Frank Dwyer,1902,52
dyered01,Eddie Dyer,1946,98
dyered01,Eddie Dyer,1947,89
dyered01,Eddie Dyer,1948,85
dyered01,Eddie Dyer,1949,96
dyered01,Eddie Dyer,1950,78
dykesji01,Jimmy Dykes,1934,49
dykesji01,Jimmy Dykes,1935,74
dykesji01,Jimmy Dykes,1936,81
dykesji01,Jimmy Dykes,1937,86
dykesji01,Jimmy Dykes,1938,65
dykesji01,Jimmy Dykes,1939,85
dykesji01,Jimmy Dykes,1940,82
dykesji01,Jimmy Dykes,1941,77
dykesji01,Jimmy Dykes,1942,66
dykesji01,Jimmy Dykes,1943,82
dykesji01,Jimmy Dykes,1944,71
dykesji01,Jimmy Dykes,1945,71
dykesji01,Jimmy Dykes,1946,10
dykesji01,Jimmy Dykes,1951,70
dykesji01,Jimmy Dykes,1952,79
dykesji01,Jimmy Dykes,1953,59
dykesji01,Jimmy Dykes,1954,54
dykesji01,Jimmy Dykes,1958,24
dykesji01,Jimmy Dykes,1959,74
dykesji01,Jimmy Dykes,1960,70
dykesji01,Jimmy Dykes,1961,77
ebbetch99,Charlie Ebbets,1898,38
edwardo01,Doc Edwards,1987,30
edwardo01,Doc Edwards,1988,78
edwardo01,Doc Edwards,1989,65
elberki01,Kid Elberfeld,1908,27
eliale01,Lee Elia,1982,73
eliale01,Lee Elia,1983,54
eliale01,Lee Elia,1987,51
eliale01,Lee Elia,1988,60
ellicjo01,Joe Ellick,1884,6
elliobo01,Bob Elliott,1960,58
ensje01,Jewel Ens,1929,21
ensje01,Jewel Ens,1930,80
ensje01,Jewel Ens,1931,75
ermerca01,Cal Ermer,1967,66
ermerca01,Cal Ermer,1968,79
essiaji01,Jim Essian,1991,59
esterdu01,Dude Esterbrook,1889,2
eversjo01,Johnny Evers,1913,88
eversjo01,Johnny Evers,1921,41
eversjo01,Johnny Evers,1924,51
ewingbu01,Buck Ewing,1890,74
ewingbu01,Buck Ewing,1895,66
ewingbu01,Buck Ewing,1896,77
ewingbu01,Buck Ewing,1897,76
ewingbu01,Buck Ewing,1898,92
ewingbu01,Buck Ewing,1899,83
ewingbu01,Buck Ewing,1900,21
faatzja01,Jay Faatz,1890,9
falkbi01,Bibb Falk,1933,1
fanniji01,Jim Fanning,1981,16
fanniji01,Jim Fanning,1982,86
fanniji01,Jim Fanning,1984,14
farreja02,Jack Farrell,1881,24
farreke01,Kerby Farrell,1957,76
felskjo01,John Felske,1985,75
felskjo01,John Felske,1986,86
felskjo01,John Felske,1987,29
fergubo01,Bob Ferguson,1871,16
fergubo01,Bob Ferguson,1872,9
fergubo01,Bob Ferguson,1873,17
fergubo01,Bob Ferguson,1874,22
fergubo01,Bob Ferguson,1875,54
fergubo01,Bob Ferguson,1876,47
fergubo01,Bob Ferguson,1877,31
fergubo01,Bob Ferguson,1878,30
fergubo01,Bob Ferguson,1879,7
fergubo01,Bob Ferguson,1880,41
fergubo01,Bob Ferguson,1881,39
fergubo01,Bob Ferguson,1882,35
fergubo01,Bob Ferguson,1883,4
fergubo01,Bob Ferguson,1884,11
fergubo01,Bob Ferguson,1886,48
fergubo01,Bob Ferguson,1887,6
ferrami01,Mike Ferraro,1983,40
ferrami01,Mike Ferraro,1986,36
fessewa99,Wally Fessenden,1890,4
fitzsfr01,Freddie Fitzsimmons,1943,25
fitzsfr01,Freddie Fitzsimmons,1944,61
fitzsfr01,Freddie Fitzsimmons,1945,18
fletcar01,Art Fletcher,1923,50
fletcar01,Art Fletcher,1924,55
fletcar01,Art Fletcher,1925,68
fletcar01,Art Fletcher,1926,58
fletcar01,Art Fletcher,1929,6
flintsi01,Silver Flint,1879,5
fogarji01,Jim Fogarty,1890,7
fogelho99,Horace Fogel,1887,20
fogelho99,Horace Fogel,1902,18
fohlle01,Lee Fohl,1915,45
fohlle01,Lee Fohl,1916,77
fohlle01,Lee Fohl,1917,88
fohlle01,Lee Fohl,1918,73
fohlle01,Lee Fohl,1919,44
fohlle01,Lee Fohl,1921,81
fohlle01,Lee Fohl,1922,93
fohlle01,Lee Fohl,1923,52
fohlle01,Lee Fohl,1924,67
fohlle01,Lee Fohl,1925,47
fohlle01,Lee Fohl,1926,46
fonsele01,Lew Fonseca,1932,49
fonsele01,Lew Fonseca,1933,67
fonsele01,Lew Fonseca,1934,4
foutzda01,Dave Foutz,1893,65
foutzda01,Dave Foutz,1894,70
foutzda01,Dave Foutz,1895,71
foutzda01,Dave Foutz,1896,58
foxch01,Charlie Fox,1970,67
foxch01,Charlie Fox,1971,90
foxch01,Charlie Fox,1972,69
foxch01,Charlie Fox,1973,88
foxch01,Charlie Fox,1974,34
foxch01,Charlie Fox,1976,12
foxch01,Charlie Fox,1983,17
francte01,Terry Francona,1997,68
francte01,Terry Francona,1998,75
francte01,Terry Francona,1999,77
francte01,Terry Francona,2000,65
francte01,Terry Francona,2004,98
francte01,Terry Francona,2005,95
francte01,Terry Francona,2006,86
francte01,Terry Francona,2007,96
francte01,Terry Francona,2008,95
francte01,Terry Francona,2009,95
francte01,Terry Francona,2010,89
frankhe01,Herman Franks,1965,95
frankhe01,Herman Franks,1966,93
frankhe01,Herman Franks,1967,91
frankhe01,Herman Franks,1968,88
frankhe01,Herman Franks,1977,81
frankhe01,Herman Franks,1978,79
frankhe01,Herman Franks,1979,78
frazege99,George Frazer,1890,51
frazijo01,Joe Frazier,1976,86
frazijo01,Joe Frazier,1977,15
fregoji01,Jim Fregosi,1978,62
fregoji01,Jim Fregosi,1979,88
fregoji01,Jim Fregosi,1980,65
fregoji01,Jim Fregosi,1981,22
fregoji01,Jim Fregosi,1986,45
fregoji01,Jim Fregosi,1987,77
fregoji01,Jim Fregosi,1988,71
fregoji01,Jim Fregosi,1991,74
fregoji01,Jim Fregosi,1992,70
fregoji01,Jim Fregosi,1993,97
fregoji01,Jim Fregosi,1994,54
fregoji01,Jim Fregosi,1995,69
fregoji01,Jim Fregosi,1996,67
fregoji01,Jim Fregosi,1999,84
fregoji01,Jim Fregosi,2000,83
freyji99,Jim Frey,1980,97
freyji99,Jim Frey,1981,30
freyji99,Jim Frey,1984,96
freyji99,Jim Frey,1985,77
freyji99,Jim Frey,1986,23
friscfr01,Frankie Frisch,1933,36
friscfr01,Frankie Frisch,1934,95
friscfr01,Frankie Frisch,1935,96
friscfr01,Frankie Frisch,1936,87
friscfr01,Frankie Frisch,1937,81
friscfr01,Frankie Frisch,1938,63
friscfr01,Frankie Frisch,1940,78
friscfr01,Frankie Frisch,1941,81
friscfr01,Frankie Frisch,1942,66
friscfr01,Frankie Frisch,1943,80
friscfr01,Frankie Frisch,1944,90
friscfr01,Frankie Frisch,1945,82
friscfr01,Frankie Frisch,1946,62
friscfr01,Frankie Frisch,1949,42
friscfr01,Frankie Frisch,1950,64
friscfr01,Frankie Frisch,1951,35
fuchsju99,Judge Fuchs,1929,56
gaffnjo99,John Gaffney,1886,15
gaffnjo99,John Gaffney,1887,46
galanma99,Matt Galante,1999,13
galvipu01,Pud Galvin,1885,7
ganzejo01,John Ganzel,1908,73
ganzejo01,John Ganzel,1915,17
garcida99,Dave Garcia,1977,35
garcida99,Dave Garcia,1978,25
garcida99,Dave Garcia,1979,38
garcida99,Dave Garcia,1980,79
garcida99,Dave Garcia,1981,52
garcida99,Dave Garcia,1982,78
gardero01,Ron Gardenhire,2002,94
gardero01,Ron Gardenhire,2003,90
gardero01,Ron Gardenhire,2004,92
gardero01,Ron Gardenhire,2005,83
gardero01,Ron Gardenhire,2006,96
gardero01,Ron Gardenhire,2007,79
gardero01,Ron Gardenhire,2008,88
gardero01,Ron Gardenhire,2009,87
gardero01,Ron Gardenhire,2010,94
gardnbi02,Billy Gardner,1981,30
gardnbi02,Billy Gardner,1982,60
gardnbi02,Billy Gardner,1983,70
gardnbi02,Billy Gardner,1984,81
gardnbi02,Billy Gardner,1985,27
gardnbi02,Billy Gardner,1987,62
garneph01,Phil Garner,1992,92
garneph01,Phil Garner,1993,69
garneph01,Phil Garner,1994,53
garneph01,Phil Garner,1995,65
garneph01,Phil Garner,1996,80
garneph01,Phil Garner,1997,78
garneph01,Phil Garner,1998,74
garneph01,Phil Garner,1999,52
garneph01,Phil Garner,2000,79
garneph01,Phil Garner,2001,66
garneph01,Phil Garner,2002,0
garneph01,Phil Garner,2004,48
garneph01,Phil Garner,2005,89
garneph01,Phil Garner,2006,82
garneph01,Phil Garner,2007,58
gastoci01,Cito Gaston,1989,77
gastoci01,Cito Gaston,1990,86
gastoci01,Cito Gaston,1991,72
gastoci01,Cito Gaston,1992,96
gastoci01,Cito Gaston,1993,95
gastoci01,Cito Gaston,1994,55
gastoci01,Cito Gaston,1995,56
gastoci01,Cito Gaston,1996,74
gastoci01,Cito Gaston,1997,72
gastoci01,Cito Gaston,2008,51
gastoci01,Cito Gaston,2009,75
gastoci01,Cito Gaston,2010,85
gerenbo01,Bob Geren,2007,76
gerenbo01,Bob Geren,2008,75
gerenbo01,Bob Geren,2009,75
gerenbo01,Bob Geren,2010,81
gerhajo01,Joe Gerhardt,1883,52
gerhajo01,Joe Gerhardt,1890,20
gessldo01,Doc Gessler,1914,3
gibbojo02,John Gibbons,2004,20
gibbojo02,John Gibbons,2005,80
gibbojo02,John Gibbons,2006,87
gibbojo02,John Gibbons,2007,83
gibbojo02,John Gibbons,2008,35
gibsoge01,George Gibson,1920,79
gibsoge01,George Gibson,1921,90
gibsoge01,George Gibson,1922,32
gibsoge01,George Gibson,1925,12
gibsoge01,George Gibson,1932,86
gibsoge01,George Gibson,1933,87
gibsoge01,George Gibson,1934,27
gibsoki01,Kirk Gibson,2010,34
giffoji99,Jim Gifford,1884,25
giffoji99,Jim Gifford,1885,44
giffoji99,Jim Gifford,1886,5
girarjo01,Joe Girardi,2006,78
girarjo01,Joe Girardi,2008,89
girarjo01,Joe Girardi,2009,103
girarjo01,Joe Girardi,2010,95
glassja01,Jack Glasscock,1889,34
glassja01,Jack Glasscock,1892,1
gleaski01,Kid Gleason,1919,88
gleaski01,Kid Gleason,1920,96
gleaski01,Kid Gleason,1921,62
gleaski01,Kid Gleason,1922,77
gleaski01,Kid Gleason,1923,69
gomezpr01,Preston Gomez,1969,52
gomezpr01,Preston Gomez,1970,63
gomezpr01,Preston Gomez,1971,61
gomezpr01,Preston Gomez,1972,4
gomezpr01,Preston Gomez,1974,81
gomezpr01,Preston Gomez,1975,47
gomezpr01,Preston Gomez,1980,38
gonzafr99,Fredi Gonzalez,2007,71
gonzafr99,Fredi Gonzalez,2008,84
gonzafr99,Fredi Gonzalez,2009,87
gonzafr99,Fredi Gonzalez,2010,34
gonzami01,Mike Gonzalez,1938,8
gonzami01,Mike Gonzalez,1940,1
gordojo01,Joe Gordon,1958,46
gordojo01,Joe Gordon,1959,89
gordojo01,Joe Gordon,1960,75
gordojo01,Joe Gordon,1961,26
gordojo01,Joe Gordon,1969,69
gorege01,George Gore,1892,6
goryljo01,Johnny Goryl,1980,23
goryljo01,Johnny Goryl,1981,11
gouldch01,Charlie Gould,1875,2
gouldch01,Charlie Gould,1876,9
gowdyha01,Hank Gowdy,1946,3
graffma99,Mase Graffen,1876,39
grammal01,Alex Grammas,1969,4
grammal01,Alex Grammas,1976,66
grammal01,Alex Grammas,1977,67
greenda02,Dallas Green,1979,19
greenda02,Dallas Green,1980,91
greenda02,Dallas Green,1981,59
greenda02,Dallas Green,1989,56
greenda02,Dallas Green,1993,46
greenda02,Dallas Green,1994,55
greenda02,Dallas Green,1995,69
greenda02,Dallas Green,1996,59
griffcl01,Clark Griffith,1901,83
griffcl01,Clark Griffith,1902,74
griffcl01,Clark Griffith,1903,72
griffcl01,Clark Griffith,1904,92
griffcl01,Clark Griffith,1905,71
griffcl01,Clark Griffith,1906,90
griffcl01,Clark Griffith,1907,70
griffcl01,Clark Griffith,1908,24
griffcl01,Clark Griffith,1909,77
griffcl01,Clark Griffith,1910,75
griffcl01,Clark Griffith,1911,70
griffcl01,Clark Griffith,1912,91
griffcl01,Clark Griffith,1913,90
griffcl01,Clark Griffith,1914,81
griffcl01,Clark Griffith,1915,85
griffcl01,Clark Griffith,1916,76
griffcl01,Clark Griffith,1917,74
griffcl01,Clark Griffith,1918,72
griffcl01,Clark Griffith,1919,56
griffcl01,Clark Griffith,1920,68
griffmi01,Mike Griffin,1898,1
griffsa01,Sandy Griffin,1891,2
grimebu01,Burleigh Grimes,1937,62
grimebu01,Burleigh Grimes,1938,69
grimmch01,Charlie Grimm,1932,37
grimmch01,Charlie Grimm,1933,86
grimmch01,Charlie Grimm,1934,86
grimmch01,Charlie Grimm,1935,100
grimmch01,Charlie Grimm,1936,87
grimmch01,Charlie Grimm,1937,93
grimmch01,Charlie Grimm,1938,45
grimmch01,Charlie Grimm,1944,74
grimmch01,Charlie Grimm,1945,98
grimmch01,Charlie Grimm,1946,82
grimmch01,Charlie Grimm,1947,69
grimmch01,Charlie Grimm,1948,64
grimmch01,Charlie Grimm,1949,19
grimmch01,Charlie Grimm,1952,51
grimmch01,Charlie Grimm,1953,92
grimmch01,Charlie Grimm,1954,89
grimmch01,Charlie Grimm,1955,85
grimmch01,Charlie Grimm,1956,24
grimmch01,Charlie Grimm,1960,6
grohhe01,Heinie Groh,1918,7
guilloz01,Ozzie Guillen,2004,83
guilloz01,Ozzie Guillen,2005,99
guilloz01,Ozzie Guillen,2006,90
guilloz01,Ozzie Guillen,2007,72
guilloz01,Ozzie Guillen,2008,89
guilloz01,Ozzie Guillen,2009,79
guilloz01,Ozzie Guillen,2010,88
guttedo01,Don Gutteridge,1969,60
guttedo01,Don Gutteridge,1970,49
haased01,Eddie Haas,1985,50
hackech99,Charlie Hackett,1884,35
hackech99,Charlie Hackett,1885,15
hackst01,Stan Hack,1954,64
hackst01,Stan Hack,1955,72
hackst01,Stan Hack,1956,60
hackst01,Stan Hack,1958,3
hallmbi01,Bill Hallman,1897,13
haneyfr01,Fred Haney,1939,43
haneyfr01,Fred Haney,1940,67
haneyfr01,Fred Haney,1941,15
haneyfr01,Fred Haney,1953,50
haneyfr01,Fred Haney,1954,53
haneyfr01,Fred Haney,1955,60
haneyfr01,Fred Haney,1956,68
haneyfr01,Fred Haney,1957,95
haneyfr01,Fred Haney,1958,92
haneyfr01,Fred Haney,1959,86
hanlone01,Ned Hanlon,1889,26
hanlone01,Ned Hanlon,1890,60
hanlone01,Ned Hanlon,1891,31
hanlone01,Ned Hanlon,1892,43
hanlone01,Ned Hanlon,1893,60
hanlone01,Ned Hanlon,1894,89
hanlone01,Ned Hanlon,1895,87
hanlone01,Ned Hanlon,1896,90
hanlone01,Ned Hanlon,1897,90
hanlone01,Ned Hanlon,1898,96
hanlone01,Ned Hanlon,1899,101
hanlone01,Ned Hanlon,1900,82
hanlone01,Ned Hanlon,1901,79
hanlone01,Ned Hanlon,1902,75
hanlone01,Ned Hanlon,1903,70
hanlone01,Ned Hanlon,1904,56
hanlone01,Ned Hanlon,1905,48
hanlone01,Ned Hanlon,1906,64
hanlone01,Ned Hanlon,1907,66
hardeme01,Mel Harder,1961,1
hardeme01,Mel Harder,1962,2
hargrmi01,Mike Hargrove,1991,32
hargrmi01,Mike Hargrove,1992,76
hargrmi01,Mike Hargrove,1993,76
hargrmi01,Mike Hargrove,1994,66
hargrmi01,Mike Hargrove,1995,100
hargrmi01,Mike Hargrove,1996,99
hargrmi01,Mike Hargrove,1997,86
hargrmi01,Mike Hargrove,1998,89
hargrmi01,Mike Hargrove,1999,97
hargrmi01,Mike Hargrove,2000,74
hargrmi01,Mike Hargrove,2001,63
hargrmi01,Mike Hargrove,2002,67
hargrmi01,Mike Hargrove,2003,71
hargrmi01,Mike Hargrove,2005,69
hargrmi01,Mike Hargrove,2006,78
hargrmi01,Mike Hargrove,2007,45
harrato01,Toby Harrah,1992,32
harrebu01,Bud Harrelson,1990,71
harrebu01,Bud Harrelson,1991,74
harribu01,Bucky Harris,1924,92
harribu01,Bucky Harris,1925,96
harribu01,Bucky Harris,1926,81
harribu01,Bucky Harris,1927,85
harribu01,Bucky Harris,1928,75
harribu01,Bucky Harris,1929,70
harribu01,Bucky Harris,1930,75
harribu01,Bucky Harris,1931,61
harribu01,Bucky Harris,1932,76
harribu01,Bucky Harris,1933,73
harribu01,Bucky Harris,1934,76
harribu01,Bucky Harris,1935,67
harribu01,Bucky Harris,1936,82
harribu01,Bucky Harris,1937,73
harribu01,Bucky Harris,1938,75
harribu01,Bucky Harris,1939,65
harribu01,Bucky Harris,1940,64
harribu01,Bucky Harris,1941,70
harribu01,Bucky Harris,1942,62
harribu01,Bucky Harris,1943,39
harribu01,Bucky Harris,1947,97
harribu01,Bucky Harris,1948,94
harribu01,Bucky Harris,1950,67
harribu01,Bucky Harris,1951,62
harribu01,Bucky Harris,1952,78
harribu01,Bucky Harris,1953,76
harribu01,Bucky Harris,1954,66
harribu01,Bucky Harris,1955,79
harribu01,Bucky Harris,1956,82
harrilu01,Lum Harris,1961,17
harrilu01,Lum Harris,1964,5
harrilu01,Lum Harris,1965,65
harrilu01,Lum Harris,1968,81
harrilu01,Lum Harris,1969,93
harrilu01,Lum Harris,1970,76
harrilu01,Lum Harris,1971,82
harrilu01,Lum Harris,1972,47
hartji99,Jim Hart,1885,53
hartji99,Jim Hart,1886,66
hartji99,Jim Hart,1889,83
hartjo99,John Hart,1989,8
hartnga01,Gabby Hartnett,1938,44
hartnga01,Gabby Hartnett,1939,84
hartnga01,Gabby Hartnett,1940,75
hartsro01,Roy Hartsfield,1977,54
hartsro01,Roy Hartsfield,1978,59
hartsro01,Roy Hartsfield,1979,53
hastisc01,Scott Hastings,1871,4
hastisc01,Scott Hastings,1872,6
hatfijo01,John Hatfield,1872,24
hatfijo01,John Hatfield,1873,11
hattogr01,Grady Hatton,1966,72
hattogr01,Grady Hatton,1967,69
hattogr01,Grady Hatton,1968,23
heckegu01,Guy Hecker,1890,23
heffndo01,Don Heffner,1966,37
heilblo99,Louie Heilbroner,1900,23
helmsto01,Tommy Helms,1988,12
helmsto01,Tommy Helms,1989,16
hemusso01,Solly Hemus,1959,71
hemusso01,Solly Hemus,1960,86
hemusso01,Solly Hemus,1961,33
hendebi99,Bill Henderson,1884,58
hendrja01,Jack Hendricks,1918,51
hendrja01,Jack Hendricks,1924,83
hendrja01,Jack Hendricks,1925,80
hendrja01,Jack Hendricks,1926,87
hendrja01,Jack Hendricks,1927,75
hendrja01,Jack Hendricks,1928,78
hendrja01,Jack Hendricks,1929,66
hengled99,Ed Hengel,1884,34
hermabi01,Billy Herman,1947,61
hermabi01,Billy Herman,1964,2
hermabi01,Billy Herman,1965,62
hermabi01,Billy Herman,1966,64
herzobu01,Buck Herzog,1914,60
herzobu01,Buck Herzog,1915,71
herzobu01,Buck Herzog,1916,34
herzowh01,Whitey Herzog,1973,47
herzowh01,Whitey Herzog,1974,2
herzowh01,Whitey Herzog,1975,41
herzowh01,Whitey Herzog,1976,90
herzowh01,Whitey Herzog,1977,102
herzowh01,Whitey Herzog,1978,92
herzowh01,Whitey Herzog,1979,85
herzowh01,Whitey Herzog,1980,38
herzowh01,Whitey Herzog,1981,59
herzowh01,Whitey Herzog,1982,92
herzowh01,Whitey Herzog,1983,79
herzowh01,Whitey Herzog,1984,84
herzowh01,Whitey Herzog,1985,101
herzowh01,Whitey Herzog,1986,79
herzowh01,Whitey Herzog,1987,95
herzowh01,Whitey Herzog,1988,76
herzowh01,Whitey Herzog,1989,86
herzowh01,Whitey Herzog,1990,33
hewetwa99,Walter Hewett,1888,10
hicksna01,Nat Hicks,1875,30
higgipi01,Pinky Higgins,1955,84
higgipi01,Pinky Higgins,1956,84
higgipi01,Pinky Higgins,1957,82
higgipi01,Pinky Higgins,1958,79
higgipi01,Pinky Higgins,1959,31
higgipi01,Pinky Higgins,1960,48
higgipi01,Pinky Higgins,1961,76
higgipi01,Pinky Higgins,1962,76
highadi01,Dick Higham,1874,29
hillmtr99,Trey Hillman,2008,75
hillmtr99,Trey Hillman,2009,65
hillmtr99,Trey Hillman,2010,12
himslve99,Vedie Himsl,1961,10
hinchaj01,A. J. Hinch,2009,58
hinchaj01,A. J. Hinch,2010,31
hitchbi01,Billy Hitchcock,1960,1
hitchbi01,Billy Hitchcock,1962,77
hitchbi01,Billy Hitchcock,1963,86
hitchbi01,Billy Hitchcock,1966,33
hitchbi01,Billy Hitchcock,1967,77
hobsobu01,Butch Hobson,1992,73
hobsobu01,Butch Hobson,1993,80
hobsobu01,Butch Hobson,1994,54
hodgegi01,Gil Hodges,1963,42
hodgegi01,Gil Hodges,1964,62
hodgegi01,Gil Hodges,1965,70
hodgegi01,Gil Hodges,1966,71
hodgegi01,Gil Hodges,1967,76
hodgegi01,Gil Hodges,1968,73
hodgegi01,Gil Hodges,1969,100
hodgegi01,Gil Hodges,1970,83
hodgegi01,Gil Hodges,1971,83
hoeyfr99,Fred Hoey,1899,31
hoffmgl01,Glenn Hoffman,1998,47
holbebi01,Bill Holbert,1879,0
holliho01,Holly Hollingshead,1875,4
holliho01,Holly Hollingshead,1884,12
holmeto01,Tommy Holmes,1951,48
holmeto01,Tommy Holmes,1952,13
hornsro01,Rogers Hornsby,1925,64
hornsro01,Rogers Hornsby,1926,89
hornsro01,Rogers Hornsby,1927,22
hornsro01,Rogers Hornsby,1928,39
hornsro01,Rogers Hornsby,1930,4
hornsro01,Rogers Hornsby,1931,84
hornsro01,Rogers Hornsby,1932,53
hornsro01,Rogers Hornsby,1933,19
hornsro01,Rogers Hornsby,1934,67
hornsro01,Rogers Hornsby,1935,65
hornsro01,Rogers Hornsby,1936,57
hornsro01,Rogers Hornsby,1937,25
hornsro01,Rogers Hornsby,1952,49
hornsro01,Rogers Hornsby,1953,64
houkra01,Ralph Houk,1961,109
houkra01,Ralph Houk,1962,96
houkra01,Ralph Houk,1963,104
houkra01,Ralph Houk,1966,66
houkra01,Ralph Houk,1967,72
houkra01,Ralph Houk,1968,83
houkra01,Ralph Houk,1969,80
houkra01,Ralph Houk,1970,93
houkra01,Ralph Houk,1971,82
houkra01,Ralph Houk,1972,79
houkra01,Ralph Houk,1973,80
houkra01,Ralph Houk,1974,72
houkra01,Ralph Houk,1975,57
houkra01,Ralph Houk,1976,74
houkra01,Ralph Houk,1977,74
houkra01,Ralph Houk,1978,86
houkra01,Ralph Houk,1981,59
houkra01,Ralph Houk,1982,89
houkra01,Ralph Houk,1983,78
houkra01,Ralph Houk,1984,86
howarfr01,Frank Howard,1981,41
howarfr01,Frank Howard,1983,52
howear01,Art Howe,1989,86
howear01,Art Howe,1990,75
howear01,Art Howe,1991,65
howear01,Art Howe,1992,81
howear01,Art Howe,1993,85
howear01,Art Howe,1996,78
howear01,Art Howe,1997,65
howear01,Art Howe,1998,74
howear01,Art Howe,1999,87
howear01,Art Howe,2000,91
howear01,Art Howe,2001,102
howear01,Art Howe,2002,103
howear01,Art Howe,2003,66
howear01,Art Howe,2004,71
howleda01,Dan Howley,1927,59
howleda01,Dan Howley,1928,82
howleda01,Dan Howley,1929,79
howleda01,Dan Howley,1930,59
howleda01,Dan Howley,1931,58
howleda01,Dan Howley,1932,60
howsedi01,Dick Howser,1978,0
howsedi01,Dick Howser,1980,103
howsedi01,Dick Howser,1981,20
howsedi01,Dick Howser,1982,90
howsedi01,Dick Howser,1983,79
howsedi01,Dick Howser,1984,84
howsedi01,Dick Howser,1985,91
howsedi01,Dick Howser,1986,40
huffge99,George Huff,1907,2
huggimi01,Miller Huggins,1913,51
huggimi01,Miller Huggins,1914,81
huggimi01,Miller Huggins,1915,72
huggimi01,Miller Huggins,1916,60
huggimi01,Miller Huggins,1917,82
huggimi01,Miller Huggins,1918,60
huggimi01,Miller Huggins,1919,80
huggimi01,Miller Huggins,1920,95
huggimi01,Miller Huggins,1921,98
huggimi01,Miller Huggins,1922,94
huggimi01,Miller Huggins,1923,98
huggimi01,Miller Huggins,1924,89
huggimi01,Miller Huggins,1925,69
huggimi01,Miller Huggins,1926,91
huggimi01,Miller Huggins,1927,110
huggimi01,Miller Huggins,1928,101
huggimi01,Miller Huggins,1929,82
huntebi03,Billy Hunter,1977,60
huntebi03,Billy Hunter,1978,86
hurdlcl01,Clint Hurdle,2002,67
hurdlcl01,Clint Hurdle,2003,74
hurdlcl01,Clint Hurdle,2004,68
hurdlcl01,Clint Hurdle,2005,67
hurdlcl01,Clint Hurdle,2006,76
hurdlcl01,Clint Hurdle,2007,90
hurdlcl01,Clint Hurdle,2008,74
hurdlcl01,Clint Hurdle,2009,18
hurstti99,Tim Hurst,1898,39
hutchfr01,Fred Hutchinson,1952,27
hutchfr01,Fred Hutchinson,1953,60
hutchfr01,Fred Hutchinson,1954,68
hutchfr01,Fred Hutchinson,1956,76
hutchfr01,Fred Hutchinson,1957,87
hutchfr01,Fred Hutchinson,1958,69
hutchfr01,Fred Hutchinson,1959,39
hutchfr01,Fred Hutchinson,1960,67
hutchfr01,Fred Hutchinson,1961,93
hutchfr01,Fred Hutchinson,1962,98
hutchfr01,Fred Hutchinson,1963,86
hutchfr01,Fred Hutchinson,1964,60
irwinar01,Arthur Irwin,1889,28
irwinar01,Arthur Irwin,1891,93
irwinar01,Arthur Irwin,1892,46
irwinar01,Arthur Irwin,1894,71
irwinar01,Arthur Irwin,1895,78
irwinar01,Arthur Irwin,1896,36
irwinar01,Arthur Irwin,1898,10
irwinar01,Arthur Irwin,1899,54
jennihu01,Hughie Jennings,1907,92
jennihu01,Hughie Jennings,1908,90
jennihu01,Hughie Jennings,1909,98
jennihu01,Hughie Jennings,1910,86
jennihu01,Hughie Jennings,1911,89
jennihu01,Hughie Jennings,1912,69
jennihu01,Hughie Jennings,1913,66
jennihu01,Hughie Jennings,1914,80
jennihu01,Hughie Jennings,1915,100
jennihu01,Hughie Jennings,1916,87
jennihu01,Hughie Jennings,1917,78
jennihu01,Hughie Jennings,1918,55
jennihu01,Hughie Jennings,1919,80
jennihu01,Hughie Jennings,1920,61
jennihu01,Hughie Jennings,1924,32
jennihu01,Hughie Jennings,1925,21
johnsda01,Darrell Johnson,1974,84
johnsda01,Darrell Johnson,1975,95
johnsda01,Darrell Johnson,1976,41
johnsda01,Darrell Johnson,1977,64
johnsda01,Darrell Johnson,1978,56
johnsda01,Darrell Johnson,1979,67
johnsda01,Darrell Johnson,1980,39
johnsda01,Darrell Johnson,1982,26
johnsda02,Davey Johnson,1984,90
johnsda02,Davey Johnson,1985,98
johnsda02,Davey Johnson,1986,108
johnsda02,Davey Johnson,1987,92
johnsda02,Davey Johnson,1988,100
johnsda02,Davey Johnson,1989,87
johnsda02,Davey Johnson,1990,20
johnsda02,Davey Johnson,1993,53
johnsda02,Davey Johnson,1994,66
johnsda02,Davey Johnson,1995,85
johnsda02,Davey Johnson,1996,88
johnsda02,Davey Johnson,1997,98
johnsda02,Davey Johnson,1999,77
johnsda02,Davey Johnson,2000,86
johnsro01,Roy Johnson,1944,0
johnsti01,Tim Johnson,1998,88
johnswa01,Walter Johnson,1929,71
johnswa01,Walter Johnson,1930,94
johnswa01,Walter Johnson,1931,92
johnswa01,Walter Johnson,1932,93
johnswa01,Walter Johnson,1933,48
johnswa01,Walter Johnson,1934,85
johnswa01,Walter Johnson,1935,46
jonesfi01,Fielder Jones,1904,66
jonesfi01,Fielder Jones,1905,92
jonesfi01,Fielder Jones,1906,93
jonesfi01,Fielder Jones,1907,87
jonesfi01,Fielder Jones,1908,88
jonesfi01,Fielder Jones,1914,12
jonesfi01,Fielder Jones,1915,87
jonesfi01,Fielder Jones,1916,79
jonesfi01,Fielder Jones,1917,57
jonesfi01,Fielder Jones,1918,22
joosted01,Eddie Joost,1954,51
jorgemi01,Mike Jorgensen,1995,42
joycebi01,Bill Joyce,1896,28
joycebi01,Bill Joyce,1897,83
joycebi01,Bill Joyce,1898,68
jurgebi01,Billy Jurges,1959,44
jurgebi01,Billy Jurges,1960,15
kaskoed01,Eddie Kasko,1970,87
kaskoed01,Eddie Kasko,1971,85
kaskoed01,Eddie Kasko,1972,85
kaskoed01,Eddie Kasko,1973,88
keanejo99,Johnny Keane,1961,47
keanejo99,Johnny Keane,1962,84
keanejo99,Johnny Keane,1963,93
keanejo99,Johnny Keane,1964,93
keanejo99,Johnny Keane,1965,77
keanejo99,Johnny Keane,1966,4
kellejo01,Joe Kelley,1902,34
kellejo01,Joe Kelley,1903,74
kellejo01,Joe Kelley,1904,88
kellejo01,Joe Kelley,1905,79
kellejo01,Joe Kelley,1908,63
kellyjo01,John Kelly,1887,76
kellyjo01,John Kelly,1888,10
kellyki01,King Kelly,1887,49
kellyki01,King Kelly,1890,81
kellyki01,King Kelly,1891,43
kellyto01,Tom Kelly,1986,12
kellyto01,Tom Kelly,1987,85
kellyto01,Tom Kelly,1988,91
kellyto01,Tom Kelly,1989,80
kellyto01,Tom Kelly,1990,74
kellyto01,Tom Kelly,1991,95
kellyto01,Tom Kelly,1992,90
kellyto01,Tom Kelly,1993,71
kellyto01,Tom Kelly,1994,53
kellyto01,Tom Kelly,1995,56
kellyto01,Tom Kelly,1996,78
kellyto01,Tom Kelly,1997,68
kellyto01,Tom Kelly,1998,70
kellyto01,Tom Kelly,1999,63
kellyto01,Tom Kelly,2000,69
kellyto01,Tom Kelly,2001,85
kennebo01,Bob Kennedy,1963,82
kennebo01,Bob Kennedy,1964,76
kennebo01,Bob Kennedy,1965,24
kennebo01,Bob Kennedy,1968,82
kenneji99,Jim Kennedy,1890,26
kenneke99,Kevin Kennedy,1993,86
kenneke99,Kevin Kennedy,1994,52
kenneke99,Kevin Kennedy,1995,86
kenneke99,Kevin Kennedy,1996,85
kerinjo01,John Kerins,1888,3
kerinjo01,John Kerins,1890,9
kerrijo01,Joe Kerrigan,2001,17
kessido01,Don Kessinger,1979,46
killebi01,Bill Killefer,1921,23
killebi01,Bill Killefer,1922,80
killebi01,Bill Killefer,1923,83
killebi01,Bill Killefer,1924,81
killebi01,Bill Killefer,1925,33
killebi01,Bill Killefer,1930,64
killebi01,Bill Killefer,1931,63
killebi01,Bill Killefer,1932,63
killebi01,Bill Killefer,1933,34
kimmbr01,Bruce Kimm,2002,33
kingcl01,Clyde King,1969,90
kingcl01,Clyde King,1970,19
kingcl01,Clyde King,1974,38
kingcl01,Clyde King,1975,58
kingcl01,Clyde King,1982,29
kittrma01,Malachi Kittridge,1904,1
kleinlo01,Lou Klein,1961,5
kleinlo01,Lou Klein,1962,12
kleinlo01,Lou Klein,1965,48
klingjo01,Johnny Kling,1912,52
knabeot01,Otto Knabe,1914,84
knabeot01,Otto Knabe,1915,47
knighlo01,Lon Knight,1883,66
knighlo01,Lon Knight,1884,61
knighra01,Ray Knight,1996,81
knighra01,Ray Knight,1997,43
knighra01,Ray Knight,2003,1
krolja99,Jack Krol,1978,1
krolja99,Jack Krol,1980,0
kuehlka99,Karl Kuehl,1976,43
kuennha01,Harvey Kuenn,1975,1
kuennha01,Harvey Kuenn,1982,72
kuennha01,Harvey Kuenn,1983,87
kuheljo01,Joe Kuhel,1948,56
kuheljo01,Joe Kuhel,1949,50
lachema01,Marcel Lachemann,1994,31
lachema01,Marcel Lachemann,1995,78
lachema01,Marcel Lachemann,1996,52
lachere01,Rene Lachemann,1981,38
lachere01,Rene Lachemann,1982,76
lachere01,Rene Lachemann,1983,26
lachere01,Rene Lachemann,1984,67
lachere01,Rene Lachemann,1993,64
lachere01,Rene Lachemann,1994,51
lachere01,Rene Lachemann,1995,67
lachere01,Rene Lachemann,1996,39
lachere01,Rene Lachemann,2002,0
lajoina01,Nap Lajoie,1905,56
lajoina01,Nap Lajoie,1906,89
lajoina01,Nap Lajoie,1907,85
lajoina01,Nap Lajoie,1908,90
lajoina01,Nap Lajoie,1909,57
lakefr01,Fred Lake,1908,22
lakefr01,Fred Lake,1909,88
lakefr01,Fred Lake,1910,53
lamonge01,Gene Lamont,1992,86
lamonge01,Gene Lamont,1993,94
lamonge01,Gene Lamont,1994,67
lamonge01,Gene Lamont,1995,11
lamonge01,Gene Lamont,1997,79
lamonge01,Gene Lamont,1998,69
lamonge01,Gene Lamont,1999,78
lamonge01,Gene Lamont,2000,69
lanieha01,Hal Lanier,1986,96
lanieha01,Hal Lanier,1987,76
lanieha01,Hal Lanier,1988,82
larkihe01,Henry Larkin,1890,34
larusto01,Tony LaRussa,1979,27
larusto01,Tony LaRussa,1980,70
larusto01,Tony LaRussa,1981,54
larusto01,Tony LaRussa,1982,87
larusto01,Tony LaRussa,1983,99
larusto01,Tony LaRussa,1984,74
larusto01,Tony LaRussa,1985,85
larusto01,Tony LaRussa,1986,71
larusto01,Tony LaRussa,1987,81
larusto01,Tony LaRussa,1988,104
larusto01,Tony LaRussa,1989,99
larusto01,Tony LaRussa,1990,103
larusto01,Tony LaRussa,1991,84
larusto01,Tony LaRussa,1992,96
larusto01,Tony LaRussa,1993,68
larusto01,Tony LaRussa,1994,51
larusto01,Tony LaRussa,1995,67
larusto01,Tony LaRussa,1996,88
larusto01,Tony LaRussa,1997,73
larusto01,Tony LaRussa,1998,83
larusto01,Tony LaRussa,1999,75
larusto01,Tony LaRussa,2000,95
larusto01,Tony LaRussa,2001,93
larusto01,Tony LaRussa,2002,97
larusto01,Tony LaRussa,2003,85
larusto01,Tony LaRussa,2004,105
larusto01,Tony LaRussa,2005,100
larusto01,Tony LaRussa,2006,83
larusto01,Tony LaRussa,2007,78
larusto01,Tony LaRussa,2008,86
larusto01,Tony LaRussa,2009,91
larusto01,Tony LaRussa,2010,86
lasorto01,Tom Lasorda,1976,2
lasorto01,Tom Lasorda,1977,98
lasorto01,Tom Lasorda,1978,95
lasorto01,Tom Lasorda,1979,79
lasorto01,Tom Lasorda,1980,92
lasorto01,Tom Lasorda,1981,63
lasorto01,Tom Lasorda,1982,88
lasorto01,Tom Lasorda,1983,91
lasorto01,Tom Lasorda,1984,79
lasorto01,Tom Lasorda,1985,95
lasorto01,Tom Lasorda,1986,73
lasorto01,Tom Lasorda,1987,73
lasorto01,Tom Lasorda,1988,94
lasorto01,Tom Lasorda,1989,77
lasorto01,Tom Lasorda,1990,86
lasorto01,Tom Lasorda,1991,93
lasorto01,Tom Lasorda,1992,63
lasorto01,Tom Lasorda,1993,81
lasorto01,Tom Lasorda,1994,58
lasorto01,Tom Lasorda,1995,78
lasorto01,Tom Lasorda,1996,41
lathaar01,Arlie Latham,1896,0
lathaju01,Jumbo Latham,1875,4
lathaju01,Jumbo Latham,1882,41
lavagco01,Cookie Lavagetto,1957,51
lavagco01,Cookie Lavagetto,1958,61
lavagco01,Cookie Lavagetto,1959,63
lavagco01,Cookie Lavagetto,1960,73
lavagco01,Cookie Lavagetto,1961,23
leadlbo99,Bob Leadley,1888,19
leadlbo99,Bob Leadley,1890,23
leadlbo99,Bob Leadley,1891,34
lefebji01,Jim Lefebvre,1989,73
lefebji01,Jim Lefebvre,1990,77
lefebji01,Jim Lefebvre,1991,83
lefebji01,Jim Lefebvre,1992,78
lefebji01,Jim Lefebvre,1993,84
lefebji01,Jim Lefebvre,1999,22
lemonbo01,Bob Lemon,1970,46
lemonbo01,Bob Lemon,1971,85
lemonbo01,Bob Lemon,1972,76
lemonbo01,Bob Lemon,1977,90
lemonbo01,Bob Lemon,1978,82
lemonbo01,Bob Lemon,1979,34
lemonbo01,Bob Lemon,1981,11
lemonbo01,Bob Lemon,1982,6
lemonji01,Jim Lemon,1968,65
lennobi01,Bill Lennon,1871,5
leylaji99,Jim Leyland,1986,64
leylaji99,Jim Leyland,1987,80
leylaji99,Jim Leyland,1988,85
leylaji99,Jim Leyland,1989,74
leylaji99,Jim Leyland,1990,95
leylaji99,Jim Leyland,1991,98
leylaji99,Jim Leyland,1992,96
leylaji99,Jim Leyland,1993,75
leylaji99,Jim Leyland,1994,53
leylaji99,Jim Leyland,1995,58
leylaji99,Jim Leyland,1996,73
leylaji99,Jim Leyland,1997,92
leylaji99,Jim Leyland,1998,54
leylaji99,Jim Leyland,1999,72
leylaji99,Jim Leyland,2006,95
leylaji99,Jim Leyland,2007,88
leylaji99,Jim Leyland,2008,74
leylaji99,Jim Leyland,2009,86
leylaji99,Jim Leyland,2010,81
leyvani99,Nick Leyva,1989,67
leyvani99,Nick Leyva,1990,77
leyvani99,Nick Leyva,1991,4
lillibo01,Bob Lillis,1982,28
lillibo01,Bob Lillis,1983,85
lillibo01,Bob Lillis,1984,80
lillibo01,Bob Lillis,1985,83
liponjo01,Johnny Lipon,1971,18
littlgr99,Grady Little,2002,93
littlgr99,Grady Little,2003,95
littlgr99,Grady Little,2006,88
littlgr99,Grady Little,2007,82
loberha01,Hans Lobert,1938,0
loberha01,Hans Lobert,1942,42
lockmwh01,Whitey Lockman,1972,39
lockmwh01,Whitey Lockman,1973,77
lockmwh01,Whitey Lockman,1974,41
loftuto01,Tom Loftus,1884,8
loftuto01,Tom Loftus,1888,30
loftuto01,Tom Loftus,1889,61
loftuto01,Tom Loftus,1890,77
loftuto01,Tom Loftus,1891,56
loftuto01,Tom Loftus,1900,65
loftuto01,Tom Loftus,1901,53
loftuto01,Tom Loftus,1902,61
loftuto01,Tom Loftus,1903,43
lopated01,Eddie Lopat,1963,73
lopated01,Eddie Lopat,1964,17
lopesda01,Davey Lopes,2000,73
lopesda01,Davey Lopes,2001,68
lopesda01,Davey Lopes,2002,3
lopezal01,Al Lopez,1951,93
lopezal01,Al Lopez,1952,93
lopezal01,Al Lopez,1953,92
lopezal01,Al Lopez,1954,111
lopezal01,Al Lopez,1955,93
lopezal01,Al Lopez,1956,88
lopezal01,Al Lopez,1957,90
lopezal01,Al Lopez,1958,82
lopezal01,Al Lopez,1959,94
lopezal01,Al Lopez,1960,87
lopezal01,Al Lopez,1961,86
lopezal01,Al Lopez,1962,85
lopezal01,Al Lopez,1963,94
lopezal01,Al Lopez,1964,98
lopezal01,Al Lopez,1965,95
lopezal01,Al Lopez,1968,21
lopezal01,Al Lopez,1969,8
lordha01,Harry Lord,1915,60
lowebo01,Bobby Lowe,1904,30
lucchfr99,Frank Lucchesi,1970,73
lucchfr99,Frank Lucchesi,1971,67
lucchfr99,Frank Lucchesi,1972,26
lucchfr99,Frank Lucchesi,1975,35
lucchfr99,Frank Lucchesi,1976,76
lucchfr99,Frank Lucchesi,1977,31
lucchfr99,Frank Lucchesi,1987,8
lumleha01,Harry Lumley,1909,55
lyonste01,Ted Lyons,1946,64
lyonste01,Ted Lyons,1947,70
lyonste01,Ted Lyons,1948,51
machake01,Ken Macha,2003,96
machake01,Ken Macha,2004,91
machake01,Ken Macha,2005,88
machake01,Ken Macha,2006,93
machake01,Ken Macha,2009,80
machake01,Ken Macha,2010,77
mackape01,Pete Mackanin,2005,12
mackape01,Pete Mackanin,2007,41
mackco01,Connie Mack,1894,12
mackco01,Connie Mack,1895,71
mackco01,Connie Mack,1896,66
mackco01,Connie Mack,1901,74
mackco01,Connie Mack,1902,83
mackco01,Connie Mack,1903,75
mackco01,Connie Mack,1904,81
mackco01,Connie Mack,1905,92
mackco01,Connie Mack,1906,78
mackco01,Connie Mack,1907,88
mackco01,Connie Mack,1908,68
mackco01,Connie Mack,1909,95
mackco01,Connie Mack,1910,102
mackco01,Connie Mack,1911,101
mackco01,Connie Mack,1912,90
mackco01,Connie Mack,1913,96
mackco01,Connie Mack,1914,99
mackco01,Connie Mack,1915,43
mackco01,Connie Mack,1916,36
mackco01,Connie Mack,1917,55
mackco01,Connie Mack,1918,52
mackco01,Connie Mack,1919,36
mackco01,Connie Mack,1920,48
mackco01,Connie Mack,1921,53
mackco01,Connie Mack,1922,65
mackco01,Connie Mack,1923,69
mackco01,Connie Mack,1924,71
mackco01,Connie Mack,1925,88
mackco01,Connie Mack,1926,83
mackco01,Connie Mack,1927,91
mackco01,Connie Mack,1928,98
mackco01,Connie Mack,1929,104
mackco01,Connie Mack,1930,102
mackco01,Connie Mack,1931,107
mackco01,Connie Mack,1932,94
mackco01,Connie Mack,1933,79
mackco01,Connie Mack,1934,68
mackco01,Connie Mack,1935,58
mackco01,Connie Mack,1936,53
mackco01,Connie Mack,1937,39
mackco01,Connie Mack,1938,53
mackco01,Connie Mack,1939,25
mackco01,Connie Mack,1940,54
mackco01,Connie Mack,1941,64
mackco01,Connie Mack,1942,55
mackco01,Connie Mack,1943,49
mackco01,Connie Mack,1944,72
mackco01,Connie Mack,1945,52
mackco01,Connie Mack,1946,49
mackco01,Connie Mack,1947,78
mackco01,Connie Mack,1948,84
mackco01,Connie Mack,1949,81
mackco01,Connie Mack,1950,52
mackde01,Denny Mack,1882,42
mackea01,Earle Mack,1937,15
mackea01,Earle Mack,1939,30
maculji01,Jimmy Macullar,1879,5
maddojo99,Joe Maddon,1996,8
maddojo99,Joe Maddon,1999,19
maddojo99,Joe Maddon,2006,61
maddojo99,Joe Maddon,2007,66
maddojo99,Joe Maddon,2008,97
maddojo99,Joe Maddon,2009,84
maddojo99,Joe Maddon,2010,96
mageele01,Lee Magee,1915,53
malonfe01,Fergy Malone,1873,8
malonfe01,Fergy Malone,1874,18
malonfe01,Fergy Malone,1884,21
mannija01,Jack Manning,1877,7
manniji01,Jim Manning,1901,61
manuech01,Charlie Manuel,2000,90
manuech01,Charlie Manuel,2001,91
manuech01,Charlie Manuel,2002,39
manuech01,Charlie Manuel,2005,88
manuech01,Charlie Manuel,2006,85
manuech01,Charlie Manuel,2007,89
manuech01,Charlie Manuel,2008,92
manuech01,Charlie Manuel,2009,93
manuech01,Charlie Manuel,2010,97
manueje01,Jerry Manuel,1998,80
manueje01,Jerry Manuel,1999,75
manueje01,Jerry Manuel,2000,95
manueje01,Jerry Manuel,2001,83
manueje01,Jerry Manuel,2002,81
manueje01,Jerry Manuel,2003,86
manueje01,Jerry Manuel,2008,55
manueje01,Jerry Manuel,2009,70
manueje01,Jerry Manuel,2010,79
maranra01,Rabbit Maranville,1925,23
marioma01,Marty Marion,1951,81
marioma01,Marty Marion,1952,42
marioma01,Marty Marion,1953,54
marioma01,Marty Marion,1954,3
marioma01,Marty Marion,1955,91
marioma01,Marty Marion,1956,85
marshji01,Jim Marshall,1974,25
marshji01,Jim Marshall,1975,75
marshji01,Jim Marshall,1976,75
marshji01,Jim Marshall,1979,54
martibi02,Billy Martin,1969,97
martibi02,Billy Martin,1971,91
martibi02,Billy Martin,1972,86
martibi02,Billy Martin,1973,80
martibi02,Billy Martin,1974,84
martibi02,Billy Martin,1975,74
martibi02,Billy Martin,1976,97
martibi02,Billy Martin,1977,100
martibi02,Billy Martin,1978,52
martibi02,Billy Martin,1979,55
martibi02,Billy Martin,1980,83
martibi02,Billy Martin,1981,64
martibi02,Billy Martin,1982,68
martibi02,Billy Martin,1983,91
martibi02,Billy Martin,1985,91
martibi02,Billy Martin,1988,40
martibu01,Buck Martinez,2001,80
martibu01,Buck Martinez,2002,20
martima01,Marty Martinez,1986,0
masonch01,Charlie Mason,1887,38
mathech01,Christy Mathewson,1916,25
mathech01,Christy Mathewson,1917,78
mathech01,Christy Mathewson,1918,61
matheed01,Eddie Mathews,1972,23
matheed01,Eddie Mathews,1973,76
matheed01,Eddie Mathews,1974,50
mattibo01,Bobby Mattick,1980,67
mattibo01,Bobby Mattick,1981,37
mauchge01,Gene Mauch,1960,58
mauchge01,Gene Mauch,1961,47
mauchge01,Gene Mauch,1962,81
mauchge01,Gene Mauch,1963,87
mauchge01,Gene Mauch,1964,92
mauchge01,Gene Mauch,1965,85
mauchge01,Gene Mauch,1966,87
mauchge01,Gene Mauch,1967,82
mauchge01,Gene Mauch,1968,27
mauchge01,Gene Mauch,1969,52
mauchge01,Gene Mauch,1970,73
mauchge01,Gene Mauch,1971,71
mauchge01,Gene Mauch,1972,70
mauchge01,Gene Mauch,1973,79
mauchge01,Gene Mauch,1974,79
mauchge01,Gene Mauch,1975,75
mauchge01,Gene Mauch,1976,85
mauchge01,Gene Mauch,1977,84
mauchge01,Gene Mauch,1978,73
mauchge01,Gene Mauch,1979,82
mauchge01,Gene Mauch,1980,54
mauchge01,Gene Mauch,1981,29
mauchge01,Gene Mauch,1982,93
mauchge01,Gene Mauch,1985,90
mauchge01,Gene Mauch,1986,92
mauchge01,Gene Mauch,1987,75
mazzile01,Lee Mazzilli,2004,78
mazzile01,Lee Mazzilli,2005,51
mcaleji01,Jimmy McAleer,1901,54
mcaleji01,Jimmy McAleer,1902,78
mcaleji01,Jimmy McAleer,1903,65
mcaleji01,Jimmy McAleer,1904,65
mcaleji01,Jimmy McAleer,1905,54
mcaleji01,Jimmy McAleer,1906,76
mcaleji01,Jimmy McAleer,1907,69
mcaleji01,Jimmy McAleer,1908,83
mcaleji01,Jimmy McAleer,1909,61
mcaleji01,Jimmy McAleer,1910,66
mcaleji01,Jimmy McAleer,1911,64
mcbridi01,Dick McBride,1871,21
mcbridi01,Dick McBride,1872,30
mcbridi01,Dick McBride,1873,28
mcbridi01,Dick McBride,1874,33
mcbridi01,Dick McBride,1875,49
mcbrige01,George McBride,1921,80
mccalja99,Jack McCallister,1927,66
mccarjo99,Joe McCarthy,1926,82
mccarjo99,Joe McCarthy,1927,85
mccarjo99,Joe McCarthy,1928,91
mccarjo99,Joe McCarthy,1929,98
mccarjo99,Joe McCarthy,1930,86
mccarjo99,Joe McCarthy,1931,94
mccarjo99,Joe McCarthy,1932,107
mccarjo99,Joe McCarthy,1933,91
mccarjo99,Joe McCarthy,1934,94
mccarjo99,Joe McCarthy,1935,89
mccarjo99,Joe McCarthy,1936,102
mccarjo99,Joe McCarthy,1937,102
mccarjo99,Joe McCarthy,1938,99
mccarjo99,Joe McCarthy,1939,106
mccarjo99,Joe McCarthy,1940,88
mccarjo99,Joe McCarthy,1941,101
mccarjo99,Joe McCarthy,1942,103
mccarjo99,Joe McCarthy,1943,98
mccarjo99,Joe McCarthy,1944,83
mccarjo99,Joe McCarthy,1945,81
mccarjo99,Joe McCarthy,1946,22
mccarjo99,Joe McCarthy,1948,96
mccarjo99,Joe McCarthy,1949,96
mccarjo99,Joe McCarthy,1950,31
mccarto01,Tommy McCarthy,1890,15
mcclell01,Lloyd McClendon,2001,62
mcclell01,Lloyd McClendon,2002,72
mcclell01,Lloyd McClendon,2003,75
mcclell01,Lloyd McClendon,2004,72
mcclell01,Lloyd McClendon,2005,55
mcclojo99,John McCloskey,1895,35
mcclojo99,John McCloskey,1896,2
mcclojo99,John McCloskey,1906,52
mcclojo99,John McCloskey,1907,52
mcclojo99,John McCloskey,1908,49
mccorji01,Jim McCormick,1879,27
mccorji01,Jim McCormick,1880,47
mccorji01,Jim McCormick,1882,0
mcgahme99,Mel McGaha,1962,78
mcgahme99,Mel McGaha,1964,40
mcgahme99,Mel McGaha,1965,5
mcgeami01,Mike McGeary,1875,34
mcgeami01,Mike McGeary,1880,8
mcgeami01,Mike McGeary,1881,4
mcgrajo01,John McGraw,1899,86
mcgrajo01,John McGraw,1901,68
mcgrajo01,John McGraw,1902,51
mcgrajo01,John McGraw,1903,84
mcgrajo01,John McGraw,1904,106
mcgrajo01,John McGraw,1905,105
mcgrajo01,John McGraw,1906,96
mcgrajo01,John McGraw,1907,82
mcgrajo01,John McGraw,1908,98
mcgrajo01,John McGraw,1909,92
mcgrajo01,John McGraw,1910,91
mcgrajo01,John McGraw,1911,99
mcgrajo01,John McGraw,1912,103
mcgrajo01,John McGraw,1913,101
mcgrajo01,John McGraw,1914,84
mcgrajo01,John McGraw,1915,69
mcgrajo01,John McGraw,1916,86
mcgrajo01,John McGraw,1917,98
mcgrajo01,John McGraw,1918,71
mcgrajo01,John McGraw,1919,87
mcgrajo01,John McGraw,1920,86
mcgrajo01,John McGraw,1921,94
mcgrajo01,John McGraw,1922,93
mcgrajo01,John McGraw,1923,95
mcgrajo01,John McGraw,1924,61
mcgrajo01,John McGraw,1925,65
mcgrajo01,John McGraw,1926,74
mcgrajo01,John McGraw,1927,70
mcgrajo01,John McGraw,1928,93
mcgrajo01,John McGraw,1929,84
mcgrajo01,John McGraw,1930,87
mcgrajo01,John McGraw,1931,87
mcgrajo01,John McGraw,1932,17
mcguide01,Deacon McGuire,1898,21
mcguide01,Deacon McGuire,1907,45
mcguide01,Deacon McGuire,1908,53
mcguide01,Deacon McGuire,1909,14
mcguide01,Deacon McGuire,1910,71
mcguide01,Deacon McGuire,1911,6
mcgunbi01,Bill McGunnigle,1888,88
mcgunbi01,Bill McGunnigle,1889,93
mcgunbi01,Bill McGunnigle,1890,86
mcgunbi01,Bill McGunnigle,1891,24
mcgunbi01,Bill McGunnigle,1896,36
mcinnst01,Stuffy McInnis,1927,51
mckecbi01,Bill McKechnie,1915,54
mckecbi01,Bill McKechnie,1922,53
mckecbi01,Bill McKechnie,1923,87
mckecbi01,Bill McKechnie,1924,90
mckecbi01,Bill McKechnie,1925,95
mckecbi01,Bill McKechnie,1926,84
mckecbi01,Bill McKechnie,1928,95
mckecbi01,Bill McKechnie,1929,34
mckecbi01,Bill McKechnie,1930,70
mckecbi01,Bill McKechnie,1931,64
mckecbi01,Bill McKechnie,1932,77
mckecbi01,Bill McKechnie,1933,83
mckecbi01,Bill McKechnie,1934,78
mckecbi01,Bill McKechnie,1935,38
mckecbi01,Bill McKechnie,1936,71
mckecbi01,Bill McKechnie,1937,79
mckecbi01,Bill McKechnie,1938,82
mckecbi01,Bill McKechnie,1939,97
mckecbi01,Bill McKechnie,1940,100
mckecbi01,Bill McKechnie,1941,88
mckecbi01,Bill McKechnie,1942,76
mckecbi01,Bill McKechnie,1943,87
mckecbi01,Bill McKechnie,1944,89
mckecbi01,Bill McKechnie,1945,61
mckecbi01,Bill McKechnie,1946,64
mckeoja99,Jack McKeon,1973,88
mckeoja99,Jack McKeon,1974,77
mckeoja99,Jack McKeon,1975,50
mckeoja99,Jack McKeon,1977,26
mckeoja99,Jack McKeon,1978,45
mckeoja99,Jack McKeon,1988,67
mckeoja99,Jack McKeon,1989,89
mckeoja99,Jack McKeon,1990,37
mckeoja99,Jack McKeon,1997,33
mckeoja99,Jack McKeon,1998,77
mckeoja99,Jack McKeon,1999,96
mckeoja99,Jack McKeon,2000,85
mckeoja99,Jack McKeon,2003,75
mckeoja99,Jack McKeon,2004,83
mckeoja99,Jack McKeon,2005,83
mckinal01,Alex McKinnon,1885,6
mcknide99,Denny McKnight,1884,4
mclarjo99,John McLaren,2007,43
mclarjo99,John McLaren,2008,25
mcmange99,George McManus,1876,6
mcmange99,George McManus,1877,28
mcmanma01,Marty McManus,1932,32
mcmanma01,Marty McManus,1933,63
mcmilro01,Roy McMillan,1972,1
mcmilro01,Roy McMillan,1975,26
mcnamjo99,John McNamara,1969,8
mcnamjo99,John McNamara,1970,89
mcnamjo99,John McNamara,1974,60
mcnamjo99,John McNamara,1975,71
mcnamjo99,John McNamara,1976,73
mcnamjo99,John McNamara,1977,20
mcnamjo99,John McNamara,1979,90
mcnamjo99,John McNamara,1980,89
mcnamjo99,John McNamara,1981,66
mcnamjo99,John McNamara,1982,34
mcnamjo99,John McNamara,1983,70
mcnamjo99,John McNamara,1984,81
mcnamjo99,John McNamara,1985,81
mcnamjo99,John McNamara,1986,95
mcnamjo99,John McNamara,1987,78
mcnamjo99,John McNamara,1988,43
mcnamjo99,John McNamara,1990,77
mcnamjo99,John McNamara,1991,25
mcnamjo99,John McNamara,1996,10
mcphebi01,Bid McPhee,1901,52
mcphebi01,Bid McPhee,1902,27
mcraeha01,Hal McRae,1991,66
mcraeha01,Hal McRae,1992,72
mcraeha01,Hal McRae,1993,84
mcraeha01,Hal McRae,1994,64
mcraeha01,Hal McRae,2001,58
mcraeha01,Hal McRae,2002,55
mcveyca01,Cal McVey,1873,20
mcveyca01,Cal McVey,1878,37
mcveyca01,Cal McVey,1879,34
melesa01,Sam Mele,1961,47
melesa01,Sam Mele,1962,91
melesa01,Sam Mele,1963,91
melesa01,Sam Mele,1964,79
melesa01,Sam Mele,1965,102
melesa01,Sam Mele,1966,89
melesa01,Sam Mele,1967,25
melilsk01,Ski Melillo,1938,2
melvibo01,Bob Melvin,2003,93
melvibo01,Bob Melvin,2004,63
melvibo01,Bob Melvin,2005,77
melvibo01,Bob Melvin,2006,76
melvibo01,Bob Melvin,2007,90
melvibo01,Bob Melvin,2008,82
melvibo01,Bob Melvin,2009,12
merrist99,Stump Merrill,1990,49
merrist99,Stump Merrill,1991,71
metroch01,Charlie Metro,1962,43
metroch01,Charlie Metro,1970,19
meyerbi01,Billy Meyer,1948,83
meyerbi01,Billy Meyer,1949,71
meyerbi01,Billy Meyer,1950,57
meyerbi01,Billy Meyer,1951,64
meyerbi01,Billy Meyer,1952,42
michage01,Gene Michael,1981,48
michage01,Gene Michael,1982,44
michage01,Gene Michael,1986,46
michage01,Gene Michael,1987,68
milancl01,Clyde Milan,1922,69
mileyda99,Dave Miley,2003,22
mileyda99,Dave Miley,2004,76
mileyda99,Dave Miley,2005,27
milledo01,Doggie Miller,1894,56
millejo01,Joe Miller,1872,0
millera99,Ray Miller,1985,50
millera99,Ray Miller,1986,59
millera99,Ray Miller,1998,79
millera99,Ray Miller,1999,78
millsbr01,Brad Mills,2010,76
millsbu01,Buster Mills,1953,4
millsev01,Everett Mills,1872,8
mitchfr01,Fred Mitchell,1917,74
mitchfr01,Fred Mitchell,1918,84
mitchfr01,Fred Mitchell,1919,75
mitchfr01,Fred Mitchell,1920,75
mitchfr01,Fred Mitchell,1921,79
mitchfr01,Fred Mitchell,1922,53
mitchfr01,Fred Mitchell,1923,54
mizerjo01,John Mizerock,2002,5
mooreja01,Jackie Moore,1984,57
mooreja01,Jackie Moore,1985,77
mooreja01,Jackie Moore,1986,29
moorete01,Terry Moore,1954,35
moranpa01,Pat Moran,1915,90
moranpa01,Pat Moran,1916,91
moranpa01,Pat Moran,1917,87
moranpa01,Pat Moran,1918,55
moranpa01,Pat Moran,1919,96
moranpa01,Pat Moran,1920,82
moranpa01,Pat Moran,1921,70
moranpa01,Pat Moran,1922,86
moranpa01,Pat Moran,1923,91
morgajo01,Joe Morgan,1988,46
morgajo01,Joe Morgan,1989,83
morgajo01,Joe Morgan,1990,88
morgajo01,Joe Morgan,1991,84
moriage02,George Moriarty,1927,82
moriage02,George Moriarty,1928,68
morrijo01,John Morrill,1882,45
morrijo01,John Morrill,1883,33
morrijo01,John Morrill,1884,73
morrijo01,John Morrill,1885,46
morrijo01,John Morrill,1886,56
morrijo01,John Morrill,1887,12
morrijo01,John Morrill,1888,70
morrijo01,John Morrill,1889,13
mortoch01,Charlie Morton,1884,46
mortoch01,Charlie Morton,1885,7
mortoch01,Charlie Morton,1890,68
mosesfe99,Felix Moses,1884,12
mossle01,Les Moss,1968,12
mossle01,Les Moss,1979,27
murnati01,Tim Murnane,1884,58
murrabi99,Billy Murray,1907,83
murrabi99,Billy Murray,1908,83
murrabi99,Billy Murray,1909,74
murtada01,Danny Murtaugh,1957,26
murtada01,Danny Murtaugh,1958,84
murtada01,Danny Murtaugh,1959,78
murtada01,Danny Murtaugh,1960,95
murtada01,Danny Murtaugh,1961,75
murtada01,Danny Murtaugh,1962,93
murtada01,Danny Murtaugh,1963,74
murtada01,Danny Murtaugh,1964,80
murtada01,Danny Murtaugh,1967,39
murtada01,Danny Murtaugh,1970,89
murtada01,Danny Murtaugh,1971,97
murtada01,Danny Murtaugh,1973,13
murtada01,Danny Murtaugh,1974,88
murtada01,Danny Murtaugh,1975,92
murtada01,Danny Murtaugh,1976,92
muserto01,Tony Muser,1997,31
muserto01,Tony Muser,1998,72
muserto01,Tony Muser,1999,64
muserto01,Tony Muser,2000,77
muserto01,Tony Muser,2001,65
muserto01,Tony Muser,2002,8
mutriji99,Jim Mutrie,1883,54
mutriji99,Jim Mutrie,1884,75
mutriji99,Jim Mutrie,1885,85
mutriji99,Jim Mutrie,1886,75
mutriji99,Jim Mutrie,1887,68
mutriji99,Jim Mutrie,1888,84
mutriji99,Jim Mutrie,1889,83
mutriji99,Jim Mutrie,1890,63
mutriji99,Jim Mutrie,1891,71
myattge01,George Myatt,1968,1
myattge01,George Myatt,1969,19
myershe01,Henry Myers,1882,19
narroje01,Jerry Narron,2001,62
narroje01,Jerry Narron,2002,72
narroje01,Jerry Narron,2005,46
narroje01,Jerry Narron,2006,80
narroje01,Jerry Narron,2007,31
nashbi01,Billy Nash,1896,62
neunjo01,Johnny Neun,1946,8
neunjo01,Johnny Neun,1947,73
neunjo01,Johnny Neun,1948,44
newmaje01,Jeff Newman,1986,2
nichoki01,Kid Nichols,1904,75
nichoki01,Kid Nichols,1905,5
nicolhu01,Hugh Nicol,1897,8
nixonru01,Russ Nixon,1982,27
nixonru01,Russ Nixon,1983,74
nixonru01,Russ Nixon,1988,42
nixonru01,Russ Nixon,1989,63
nixonru01,Russ Nixon,1990,25
normabi01,Bill Norman,1958,56
normabi01,Bill Norman,1959,2
oakesre01,Rebel Oakes,1914,61
oakesre01,Rebel Oakes,1915,86
oatesjo01,Johnny Oates,1991,54
oatesjo01,Johnny Oates,1992,89
oatesjo01,Johnny Oates,1993,85
oatesjo01,Johnny Oates,1994,63
oatesjo01,Johnny Oates,1995,74
oatesjo01,Johnny Oates,1996,90
oatesjo01,Johnny Oates,1997,77
oatesjo01,Johnny Oates,1998,88
oatesjo01,Johnny Oates,1999,95
oatesjo01,Johnny Oates,2000,71
oatesjo01,Johnny Oates,2001,11
oconnja01,Jack O'Connor,1910,47
odayha01,Hank O'Day,1912,75
odayha01,Hank O'Day,1914,78
ofarrbo01,Bob O'Farrell,1927,92
ofarrbo01,Bob O'Farrell,1934,30
olearda01,Dan O'Leary,1884,20
oneilst01,Steve O'Neill,1935,36
oneilst01,Steve O'Neill,1936,80
oneilst01,Steve O'Neill,1937,83
oneilst01,Steve O'Neill,1943,78
oneilst01,Steve O'Neill,1944,88
oneilst01,Steve O'Neill,1945,88
oneilst01,Steve O'Neill,1946,92
oneilst01,Steve O'Neill,1947,85
oneilst01,Steve O'Neill,1948,78
oneilst01,Steve O'Neill,1950,63
oneilst01,Steve O'Neill,1951,87
oneilst01,Steve O'Neill,1952,59
oneilst01,Steve O'Neill,1953,83
oneilst01,Steve O'Neill,1954,40
onsloja01,Jack Onslow,1949,63
onsloja01,Jack Onslow,1950,8
orourji01,Jim O'Rourke,1881,45
orourji01,Jim O'Rourke,1882,45
orourji01,Jim O'Rourke,1883,52
orourji01,Jim O'Rourke,1884,64
orourji01,Jim O'Rourke,1893,40
orrda01,Dave Orr,1887,3
ottme01,Mel Ott,1942,85
ottme01,Mel Ott,1943,55
ottme01,Mel Ott,1944,67
ottme01,Mel Ott,1945,78
ottme01,Mel Ott,1946,61
ottme01,Mel Ott,1947,81
ottme01,Mel Ott,1948,37
owenspa99,Paul Owens,1972,33
owenspa99,Paul Owens,1983,47
owenspa99,Paul Owens,1984,81
ozarkda99,Danny Ozark,1973,71
ozarkda99,Danny Ozark,1974,80
ozarkda99,Danny Ozark,1975,86
ozarkda99,Danny Ozark,1976,101
ozarkda99,Danny Ozark,1977,101
ozarkda99,Danny Ozark,1978,90
ozarkda99,Danny Ozark,1979,65
ozarkda99,Danny Ozark,1984,24
paborch01,Charlie Pabor,1871,10
paborch01,Charlie Pabor,1875,3
parkesa01,Salty Parker,1967,4
parkesa01,Salty Parker,1972,1
parksbi01,Bill Parks,1875,1
parrila01,Larry Parrish,1998,13
parrila01,Larry Parrish,1999,69
pearcdi01,Dickey Pearce,1872,10
pearcdi01,Dickey Pearce,1875,39
peckiro01,Roger Peckinpaugh,1914,10
peckiro01,Roger Peckinpaugh,1928,62
peckiro01,Roger Peckinpaugh,1929,81
peckiro01,Roger Peckinpaugh,1930,81
peckiro01,Roger Peckinpaugh,1931,78
peckiro01,Roger Peckinpaugh,1932,87
peckiro01,Roger Peckinpaugh,1933,26
peckiro01,Roger Peckinpaugh,1941,75
pedrial01,Al Pedrique,2004,22
penato01,Tony Pena,2002,49
penato01,Tony Pena,2003,83
penato01,Tony Pena,2004,58
penato01,Tony Pena,2005,8
perezto01,Tony Perez,1993,20
perezto01,Tony Perez,2001,54
perkicy01,Cy Perkins,1937,6
perlosa01,Sam Perlozzo,2005,23
perlosa01,Sam Perlozzo,2006,70
perlosa01,Sam Perlozzo,2007,29
peskyjo01,Johnny Pesky,1963,76
peskyjo01,Johnny Pesky,1964,70
peskyjo01,Johnny Pesky,1980,1
pfefffr01,Fred Pfeffer,1892,42
phelale99,Lou Phelan,1895,11
phillbi02,Bill Phillips,1914,88
phillbi02,Bill Phillips,1915,26
phillho99,Horace Phillips,1879,12
phillho99,Horace Phillips,1883,32
phillho99,Horace Phillips,1884,9
phillho99,Horace Phillips,1885,56
phillho99,Horace Phillips,1886,80
phillho99,Horace Phillips,1887,55
phillho99,Horace Phillips,1888,66
phillho99,Horace Phillips,1889,28
phillle99,Lefty Phillips,1969,60
phillle99,Lefty Phillips,1970,86
phillle99,Lefty Phillips,1971,76
pikeli01,Lip Pike,1871,1
pikeli01,Lip Pike,1874,16
pikeli01,Lip Pike,1877,3
pinielo01,Lou Piniella,1986,90
pinielo01,Lou Piniella,1987,89
pinielo01,Lou Piniella,1988,45
pinielo01,Lou Piniella,1990,91
pinielo01,Lou Piniella,1991,74
pinielo01,Lou Piniella,1992,90
pinielo01,Lou Piniella,1993,82
pinielo01,Lou Piniella,1994,49
pinielo01,Lou Piniella,1995,79
pinielo01,Lou Piniella,1996,85
pinielo01,Lou Piniella,1997,90
pinielo01,Lou Piniella,1998,76
pinielo01,Lou Piniella,1999,79
pinielo01,Lou Piniella,2000,91
pinielo01,Lou Piniella,2001,116
pinielo01,Lou Piniella,2002,93
pinielo01,Lou Piniella,2003,63
pinielo01,Lou Piniella,2004,70
pinielo01,Lou Piniella,2005,67
pinielo01,Lou Piniella,2007,85
pinielo01,Lou Piniella,2008,97
pinielo01,Lou Piniella,2009,83
pinielo01,Lou Piniella,2010,51
plummbi01,Bill Plummer,1992,64
popowed99,Eddie Popowski,1969,5
popowed99,Eddie Popowski,1973,1
portema01,Matthew Porter,1884,3
powerpa99,Pat Powers,1890,63
powerpa99,Pat Powers,1892,71
prattal01,Al Pratt,1882,39
prattal01,Al Pratt,1883,12
priceji99,Jim Price,1884,56
prothdo01,Doc Prothro,1939,45
prothdo01,Doc Prothro,1940,50
prothdo01,Doc Prothro,1941,43
pujollu01,Luis Pujols,2002,55
purcebl01,Blondie Purcell,1883,13
quademi99,Mike Quade,2010,24
queenme02,Mel Queen,1997,4
quilifr01,Frank Quilici,1972,41
quilifr01,Frank Quilici,1973,81
quilifr01,Frank Quilici,1974,82
quilifr01,Frank Quilici,1975,76
quinnjo02,Joe Quinn,1895,11
quinnjo02,Joe Quinn,1899,12
raderdo02,Doug Rader,1983,77
raderdo02,Doug Rader,1984,69
raderdo02,Doug Rader,1985,9
raderdo02,Doug Rader,1986,1
raderdo02,Doug Rader,1989,91
raderdo02,Doug Rader,1990,80
raderdo02,Doug Rader,1991,61
randowi01,Willie Randolph,2005,83
randowi01,Willie Randolph,2006,97
randowi01,Willie Randolph,2007,88
randowi01,Willie Randolph,2008,34
rappve99,Vern Rapp,1977,83
rappve99,Vern Rapp,1978,6
rappve99,Vern Rapp,1984,51
reachal01,Al Reach,1890,4
reganph01,Phil Regan,1995,71
ricede01,Del Rice,1972,75
richada01,Danny Richardson,1892,12
richapa01,Paul Richards,1951,81
richapa01,Paul Richards,1952,81
richapa01,Paul Richards,1953,89
richapa01,Paul Richards,1954,91
richapa01,Paul Richards,1955,57
richapa01,Paul Richards,1956,69
richapa01,Paul Richards,1957,76
richapa01,Paul Richards,1958,74
richapa01,Paul Richards,1959,74
richapa01,Paul Richards,1960,89
richapa01,Paul Richards,1961,78
richapa01,Paul Richards,1976,64
rickebr01,Branch Rickey,1913,5
rickebr01,Branch Rickey,1914,71
rickebr01,Branch Rickey,1915,63
rickebr01,Branch Rickey,1919,54
rickebr01,Branch Rickey,1920,75
rickebr01,Branch Rickey,1921,87
rickebr01,Branch Rickey,1922,85
rickebr01,Branch Rickey,1923,79
rickebr01,Branch Rickey,1924,65
rickebr01,Branch Rickey,1925,13
riddogr99,Greg Riddoch,1990,38
riddogr99,Greg Riddoch,1991,84
riddogr99,Greg Riddoch,1992,78
rigglji99,Jim Riggleman,1992,4
rigglji99,Jim Riggleman,1993,61
rigglji99,Jim Riggleman,1994,47
rigglji99,Jim Riggleman,1995,73
rigglji99,Jim Riggleman,1996,76
rigglji99,Jim Riggleman,1997,68
rigglji99,Jim Riggleman,1998,90
rigglji99,Jim Riggleman,1999,67
rigglji99,Jim Riggleman,2008,36
rigglji99,Jim Riggleman,2009,33
rigglji99,Jim Riggleman,2010,69
rignebi01,Bill Rigney,1956,67
rignebi01,Bill Rigney,1957,69
rignebi01,Bill Rigney,1958,80
rignebi01,Bill Rigney,1959,83
rignebi01,Bill Rigney,1960,33
rignebi01,Bill Rigney,1961,70
rignebi01,Bill Rigney,1962,86
rignebi01,Bill Rigney,1963,70
rignebi01,Bill Rigney,1964,82
rignebi01,Bill Rigney,1965,75
rignebi01,Bill Rigney,1966,80
rignebi01,Bill Rigney,1967,84
rignebi01,Bill Rigney,1968,67
rignebi01,Bill Rigney,1969,11
rignebi01,Bill Rigney,1970,98
rignebi01,Bill Rigney,1971,74
rignebi01,Bill Rigney,1972,36
rignebi01,Bill Rigney,1976,74
ripkeca99,Cal Ripken,1985,1
ripkeca99,Cal Ripken,1987,67
ripkeca99,Cal Ripken,1988,0
robinfr02,Frank Robinson,1975,79
robinfr02,Frank Robinson,1976,81
robinfr02,Frank Robinson,1977,26
robinfr02,Frank Robinson,1981,56
robinfr02,Frank Robinson,1982,87
robinfr02,Frank Robinson,1983,79
robinfr02,Frank Robinson,1984,42
robinfr02,Frank Robinson,1988,54
robinfr02,Frank Robinson,1989,87
robinfr02,Frank Robinson,1990,76
robinfr02,Frank Robinson,1991,13
robinfr02,Frank Robinson,2002,83
robinfr02,Frank Robinson,2003,83
robinfr02,Frank Robinson,2004,67
robinfr02,Frank Robinson,2005,81
robinfr02,Frank Robinson,2006,71
robinwi01,Wilbert Robinson,1902,24
robinwi01,Wilbert Robinson,1914,75
robinwi01,Wilbert Robinson,1915,80
robinwi01,Wilbert Robinson,1916,94
robinwi01,Wilbert Robinson,1917,70
robinwi01,Wilbert Robinson,1918,57
robinwi01,Wilbert Robinson,1919,69
robinwi01,Wilbert Robinson,1920,93
robinwi01,Wilbert Robinson,1921,77
robinwi01,Wilbert Robinson,1922,76
robinwi01,Wilbert Robinson,1923,76
robinwi01,Wilbert Robinson,1924,92
robinwi01,Wilbert Robinson,1925,68
robinwi01,Wilbert Robinson,1926,71
robinwi01,Wilbert Robinson,1927,65
robinwi01,Wilbert Robinson,1928,77
robinwi01,Wilbert Robinson,1929,70
robinwi01,Wilbert Robinson,1930,86
robinwi01,Wilbert Robinson,1931,79
robisst99,Stan Robison,1905,19
rodgebu01,Buck Rodgers,1980,39
rodgebu01,Buck Rodgers,1981,62
rodgebu01,Buck Rodgers,1982,23
rodgebu01,Buck Rodgers,1985,84
rodgebu01,Buck Rodgers,1986,78
rodgebu01,Buck Rodgers,1987,91
rodgebu01,Buck Rodgers,1988,81
rodgebu01,Buck Rodgers,1989,81
rodgebu01,Buck Rodgers,1990,85
rodgebu01,Buck Rodgers,1991,40
rodgebu01,Buck Rodgers,1992,33
rodgebu01,Buck Rodgers,1993,71
rodgebu01,Buck Rodgers,1994,16
rodried02,Edwin Rodriguez,2010,46
rogerji01,Jim Rogers,1897,17
rojasco01,Cookie Rojas,1988,75
rojasco01,Cookie Rojas,1996,1
rolfere01,Red Rolfe,1949,87
rolfere01,Red Rolfe,1950,95
rolfere01,Red Rolfe,1951,73
rolfere01,Red Rolfe,1952,23
rosemch01,Chief Roseman,1890,7
rosepe01,Pete Rose,1984,19
rosepe01,Pete Rose,1985,89
rosepe01,Pete Rose,1986,86
rosepe01,Pete Rose,1987,84
rosepe01,Pete Rose,1988,75
rosepe01,Pete Rose,1989,59
rothsla01,Larry Rothschild,1998,63
rothsla01,Larry Rothschild,1999,69
rothsla01,Larry Rothschild,2000,69
rothsla01,Larry Rothschild,2001,4
roweda01,Dave Rowe,1886,30
roweda01,Dave Rowe,1888,14
roweja01,Jack Rowe,1890,27
rowlapa99,Pants Rowland,1915,93
rowlapa99,Pants Rowland,1916,89
rowlapa99,Pants Rowland,1917,100
rowlapa99,Pants Rowland,1918,57
roystje01,Jerry Royster,2002,53
ruelmu01,Muddy Ruel,1947,59
runnepe01,Pete Runnels,1966,8
runneto01,Tom Runnells,1991,51
runneto01,Tom Runnells,1992,17
russebi01,Bill Russell,1996,49
russebi01,Bill Russell,1997,88
russebi01,Bill Russell,1998,36
russejo02,John Russell,2008,67
russejo02,John Russell,2009,62
russejo02,John Russell,2010,57
ryanco01,Connie Ryan,1975,9
ryanco01,Connie Ryan,1977,2
samueju01,Juan Samuel,2010,17
sawyeed99,Eddie Sawyer,1948,23
sawyeed99,Eddie Sawyer,1949,81
sawyeed99,Eddie Sawyer,1950,91
sawyeed99,Eddie Sawyer,1951,73
sawyeed99,Eddie Sawyer,1952,28
sawyeed99,Eddie Sawyer,1958,30
sawyeed99,Eddie Sawyer,1959,64
sawyeed99,Eddie Sawyer,1960,0
scanlmi99,Mike Scanlon,1884,47
scanlmi99,Mike Scanlon,1886,13
schaebo99,Bob Schaefer,1991,1
schaebo99,Bob Schaefer,2005,5
schalra01,Ray Schalk,1927,70
schalra01,Ray Schalk,1928,32
schefbo01,Bob Scheffing,1957,62
schefbo01,Bob Scheffing,1958,72
schefbo01,Bob Scheffing,1959,74
schefbo01,Bob Scheffing,1961,101
schefbo01,Bob Scheffing,1962,85
schefbo01,Bob Scheffing,1963,24
schlala01,Larry Schlafly,1914,80
schlala01,Larry Schlafly,1915,13
schmegu99,Gus Schmelz,1884,69
schmegu99,Gus Schmelz,1886,43
schmegu99,Gus Schmelz,1887,81
schmegu99,Gus Schmelz,1888,80
schmegu99,Gus Schmelz,1889,76
schmegu99,Gus Schmelz,1890,59
schmegu99,Gus Schmelz,1891,61
schmegu99,Gus Schmelz,1894,45
schmegu99,Gus Schmelz,1895,43
schmegu99,Gus Schmelz,1896,58
schmegu99,Gus Schmelz,1897,9
schoere01,Red Schoendienst,1965,80
schoere01,Red Schoendienst,1966,83
schoere01,Red Schoendienst,1967,101
schoere01,Red Schoendienst,1968,97
schoere01,Red Schoendienst,1969,87
schoere01,Red Schoendienst,1970,76
schoere01,Red Schoendienst,1971,90
schoere01,Red Schoendienst,1972,75
schoere01,Red Schoendienst,1973,81
schoere01,Red Schoendienst,1974,86
schoere01,Red Schoendienst,1975,82
schoere01,Red Schoendienst,1976,72
schoere01,Red Schoendienst,1980,18
schoere01,Red Schoendienst,1990,13
schuljo05,Joe Schultz,1969,64
schuljo05,Joe Schultz,1973,14
sciosmi01,Mike Scioscia,2000,82
sciosmi01,Mike Scioscia,2001,75
sciosmi01,Mike Scioscia,2002,99
sciosmi01,Mike Scioscia,2003,77
sciosmi01,Mike Scioscia,2004,92
sciosmi01,Mike Scioscia,2005,95
sciosmi01,Mike Scioscia,2006,89
sciosmi01,Mike Scioscia,2007,94
sciosmi01,Mike Scioscia,2008,100
sciosmi01,Mike Scioscia,2009,97
sciosmi01,Mike Scioscia,2010,80
seleefr99,Frank Selee,1890,76
seleefr99,Frank Selee,1891,87
seleefr99,Frank Selee,1892,102
seleefr99,Frank Selee,1893,86
seleefr99,Frank Selee,1894,83
seleefr99,Frank Selee,1895,71
seleefr99,Frank Selee,1896,74
seleefr99,Frank Selee,1897,93
seleefr99,Frank Selee,1898,102
seleefr99,Frank Selee,1899,95
seleefr99,Frank Selee,1900,66
seleefr99,Frank Selee,1901,69
seleefr99,Frank Selee,1902,68
seleefr99,Frank Selee,1903,82
seleefr99,Frank Selee,1904,93
seleefr99,Frank Selee,1905,37
sewellu01,Luke Sewell,1941,55
sewellu01,Luke Sewell,1942,82
sewellu01,Luke Sewell,1943,72
sewellu01,Luke Sewell,1944,89
sewellu01,Luke Sewell,1945,81
sewellu01,Luke Sewell,1946,53
sewellu01,Luke Sewell,1949,1
sewellu01,Luke Sewell,1950,66
sewellu01,Luke Sewell,1951,68
sewellu01,Luke Sewell,1952,39
shannda01,Dan Shannon,1889,10
shannda01,Dan Shannon,1891,15
sharsbi99,Bill Sharsig,1886,22
sharsbi99,Bill Sharsig,1888,81
sharsbi99,Bill Sharsig,1889,75
sharsbi99,Bill Sharsig,1890,54
sharsbi99,Bill Sharsig,1891,6
shawkbo01,Bob Shawkey,1930,86
sheehto02,Tom Sheehan,1960,46
shepala99,Larry Shepard,1968,80
shepala99,Larry Shepard,1969,84
sherrno01,Norm Sherry,1976,37
sherrno01,Norm Sherry,1977,39
shettbi99,Bill Shettsline,1898,59
shettbi99,Bill Shettsline,1899,94
shettbi99,Bill Shettsline,1900,75
shettbi99,Bill Shettsline,1901,83
shettbi99,Bill Shettsline,1902,56
shottbu01,Burt Shotton,1928,43
shottbu01,Burt Shotton,1929,71
shottbu01,Burt Shotton,1930,52
shottbu01,Burt Shotton,1931,66
shottbu01,Burt Shotton,1932,78
shottbu01,Burt Shotton,1933,60
shottbu01,Burt Shotton,1934,1
shottbu01,Burt Shotton,1947,92
shottbu01,Burt Shotton,1948,48
shottbu01,Burt Shotton,1949,97
shottbu01,Burt Shotton,1950,89
showabu99,Buck Showalter,1992,76
showabu99,Buck Showalter,1993,88
showabu99,Buck Showalter,1994,70
showabu99,Buck Showalter,1995,79
showabu99,Buck Showalter,1998,65
showabu99,Buck Showalter,1999,100
showabu99,Buck Showalter,2000,85
showabu99,Buck Showalter,2003,71
showabu99,Buck Showalter,2004,89
showabu99,Buck Showalter,2005,79
showabu99,Buck Showalter,2006,80
showabu99,Buck Showalter,2010,34
silveke01,Ken Silvestri,1967,0
simmojo01,Joe Simmons,1875,1
simmojo01,Joe Simmons,1884,2
simmole99,Lew Simmons,1886,41
sisledi01,Dick Sisler,1964,32
sisledi01,Dick Sisler,1965,89
sislege01,George Sisler,1924,74
sislege01,George Sisler,1925,82
sislege01,George Sisler,1926,62
skafffr01,Frank Skaff,1966,40
skinnbo01,Bob Skinner,1968,48
skinnbo01,Bob Skinner,1969,44
skinnbo01,Bob Skinner,1977,1
skinnjo01,Joel Skinner,2002,35
slattja01,Jack Slattery,1928,11
smithbi01,Bill Smith,1873,0
smithha03,Harry Smith,1909,23
smithhe01,Heinie Smith,1902,5
smithma01,Mayo Smith,1955,77
smithma01,Mayo Smith,1956,71
smithma01,Mayo Smith,1957,77
smithma01,Mayo Smith,1958,39
smithma01,Mayo Smith,1959,35
smithma01,Mayo Smith,1967,91
smithma01,Mayo Smith,1968,103
smithma01,Mayo Smith,1969,90
smithma01,Mayo Smith,1970,79
snydeji02,Jim Snyder,1988,45
snydepo01,Pop Snyder,1882,55
snydepo01,Pop Snyder,1883,61
snydepo01,Pop Snyder,1884,24
snydepo01,Pop Snyder,1891,23
sothoal01,Allan Sothoron,1933,2
southbi01,Billy Southworth,1929,43
southbi01,Billy Southworth,1940,69
southbi01,Billy Southworth,1941,97
southbi01,Billy Southworth,1942,106
southbi01,Billy Southworth,1943,105
southbi01,Billy Southworth,1944,105
southbi01,Billy Southworth,1945,95
southbi01,Billy Southworth,1946,81
southbi01,Billy Southworth,1947,86
southbi01,Billy Southworth,1948,91
southbi01,Billy Southworth,1949,55
southbi01,Billy Southworth,1950,83
southbi01,Billy Southworth,1951,28
spaldal01,Al Spalding,1876,52
spaldal01,Al Spalding,1877,26
speaktr01,Tris Speaker,1919,40
speaktr01,Tris Speaker,1920,98
speaktr01,Tris Speaker,1921,94
speaktr01,Tris Speaker,1922,78
speaktr01,Tris Speaker,1923,82
speaktr01,Tris Speaker,1924,67
speaktr01,Tris Speaker,1925,70
speaktr01,Tris Speaker,1926,88
spencha99,Harry Spence,1888,50
stahlch01,Chick Stahl,1906,14
stahlja01,Jake Stahl,1905,64
stahlja01,Jake Stahl,1906,55
stahlja01,Jake Stahl,1912,105
stahlja01,Jake Stahl,1913,39
stallge01,George Stallings,1897,55
stallge01,George Stallings,1898,19
stallge01,George Stallings,1901,74
stallge01,George Stallings,1909,74
stallge01,George Stallings,1910,78
stallge01,George Stallings,1913,69
stallge01,George Stallings,1914,94
stallge01,George Stallings,1915,83
stallge01,George Stallings,1916,89
stallge01,George Stallings,1917,72
stallge01,George Stallings,1918,53
stallge01,George Stallings,1919,57
stallge01,George Stallings,1920,62
stanked01,Eddie Stanky,1952,88
stanked01,Eddie Stanky,1953,83
stanked01,Eddie Stanky,1954,72
stanked01,Eddie Stanky,1955,17
stanked01,Eddie Stanky,1966,83
stanked01,Eddie Stanky,1967,89
stanked01,Eddie Stanky,1968,34
stanked01,Eddie Stanky,1977,1
startjo01,Joe Start,1873,18
stengca01,Casey Stengel,1934,71
stengca01,Casey Stengel,1935,70
stengca01,Casey Stengel,1936,67
stengca01,Casey Stengel,1938,77
stengca01,Casey Stengel,1939,63
stengca01,Casey Stengel,1940,65
stengca01,Casey Stengel,1941,62
stengca01,Casey Stengel,1942,59
stengca01,Casey Stengel,1943,47
stengca01,Casey Stengel,1949,97
stengca01,Casey Stengel,1950,98
stengca01,Casey Stengel,1951,98
stengca01,Casey Stengel,1952,95
stengca01,Casey Stengel,1953,99
stengca01,Casey Stengel,1954,103
stengca01,Casey Stengel,1955,96
stengca01,Casey Stengel,1956,97
stengca01,Casey Stengel,1957,98
stengca01,Casey Stengel,1958,92
stengca01,Casey Stengel,1959,79
stengca01,Casey Stengel,1960,97
stengca01,Casey Stengel,1962,40
stengca01,Casey Stengel,1963,51
stengca01,Casey Stengel,1964,53
stengca01,Casey Stengel,1965,31
stovage01,George Stovall,1911,74
stovage01,George Stovall,1912,41
stovage01,George Stovall,1913,50
stovage01,George Stovall,1914,67
stovage01,George Stovall,1915,81
stoveha01,Harry Stovey,1881,8
stoveha01,Harry Stovey,1885,55
streega01,Gabby Street,1929,1
streega01,Gabby Street,1930,92
streega01,Gabby Street,1931,101
streega01,Gabby Street,1932,72
streega01,Gabby Street,1933,46
streega01,Gabby Street,1938,53
striccu01,Cub Stricker,1892,6
stricge01,George Strickland,1964,33
stricge01,George Strickland,1966,15
stubimo01,Moose Stubing,1988,0
sukefcl01,Clyde Sukeforth,1947,2
sullibi03,Billy Sullivan,1909,78
sulliha02,Haywood Sullivan,1965,54
sullipa99,Pat Sullivan,1890,2
sullite01,Ted Sullivan,1883,53
sullite01,Ted Sullivan,1884,41
sullite01,Ted Sullivan,1888,38
sveumda01,Dale Sveum,2008,7
sweasch01,Charlie Sweasy,1875,4
swiftbo01,Bob Swift,1965,24
swiftbo01,Bob Swift,1966,32
tannech01,Chuck Tanner,1970,3
tannech01,Chuck Tanner,1971,79
tannech01,Chuck Tanner,1972,87
tannech01,Chuck Tanner,1973,77
tannech01,Chuck Tanner,1974,80
tannech01,Chuck Tanner,1975,75
tannech01,Chuck Tanner,1976,87
tannech01,Chuck Tanner,1977,96
tannech01,Chuck Tanner,1978,88
tannech01,Chuck Tanner,1979,98
tannech01,Chuck Tanner,1980,83
tannech01,Chuck Tanner,1981,46
tannech01,Chuck Tanner,1982,84
tannech01,Chuck Tanner,1983,84
tannech01,Chuck Tanner,1984,75
tannech01,Chuck Tanner,1985,57
tannech01,Chuck Tanner,1986,72
tannech01,Chuck Tanner,1987,69
tannech01,Chuck Tanner,1988,12
tappeel01,El Tappe,1961,42
tappeel01,El Tappe,1962,4
tayloge99,George Taylor,1884,40
tayloza02,Zack Taylor,1946,13
tayloza02,Zack Taylor,1948,59
tayloza02,Zack Taylor,1949,53
tayloza02,Zack Taylor,1950,58
tayloza02,Zack Taylor,1951,52
tebbebi01,Birdie Tebbetts,1954,74
tebbebi01,Birdie Tebbetts,1955,75
tebbebi01,Birdie Tebbetts,1956,91
tebbebi01,Birdie Tebbetts,1957,80
tebbebi01,Birdie Tebbetts,1958,52
tebbebi01,Birdie Tebbetts,1961,12
tebbebi01,Birdie Tebbetts,1962,86
tebbebi01,Birdie Tebbetts,1963,79
tebbebi01,Birdie Tebbetts,1964,46
tebbebi01,Birdie Tebbetts,1965,87
tebbebi01,Birdie Tebbetts,1966,66
tebeapa01,Patsy Tebeau,1890,21
tebeapa01,Patsy Tebeau,1891,31
tebeapa01,Patsy Tebeau,1892,93
tebeapa01,Patsy Tebeau,1893,73
tebeapa01,Patsy Tebeau,1894,68
tebeapa01,Patsy Tebeau,1895,84
tebeapa01,Patsy Tebeau,1896,80
tebeapa01,Patsy Tebeau,1897,69
tebeapa01,Patsy Tebeau,1898,81
tebeapa01,Patsy Tebeau,1899,84
tebeapa01,Patsy Tebeau,1900,42
tenacge01,Gene Tenace,1991,19
tennefr02,Fred Tenney,1905,51
tennefr02,Fred Tenney,1906,49
tennefr02,Fred Tenney,1907,58
tennefr02,Fred Tenney,1911,44
terrybi01,Bill Terry,1932,55
terrybi01,Bill Terry,1933,91
terrybi01,Bill Terry,1934,93
terrybi01,Bill Terry,1935,91
terrybi01,Bill Terry,1936,92
terrybi01,Bill Terry,1937,95
terrybi01,Bill Terry,1938,83
terrybi01,Bill Terry,1939,77
terrybi01,Bill Terry,1940,72
terrybi01,Bill Terry,1941,74
thomafr99,Fred Thomas,1887,11
thompam99,Andrew Thompson,1884,2
tigheja99,Jack Tighe,1957,78
tigheja99,Jack Tighe,1958,21
tinkejo01,Joe Tinker,1913,64
tinkejo01,Joe Tinker,1914,87
tinkejo01,Joe Tinker,1915,86
tinkejo01,Joe Tinker,1916,67
torboje01,Jeff Torborg,1977,45
torboje01,Jeff Torborg,1978,69
torboje01,Jeff Torborg,1979,43
torboje01,Jeff Torborg,1989,69
torboje01,Jeff Torborg,1990,94
torboje01,Jeff Torborg,1991,87
torboje01,Jeff Torborg,1992,72
torboje01,Jeff Torborg,1993,13
torboje01,Jeff Torborg,2001,47
torboje01,Jeff Torborg,2002,79
torboje01,Jeff Torborg,2003,16
torrejo01,Joe Torre,1977,49
torrejo01,Joe Torre,1978,66
torrejo01,Joe Torre,1979,63
torrejo01,Joe Torre,1980,67
torrejo01,Joe Torre,1981,41
torrejo01,Joe Torre,1982,89
torrejo01,Joe Torre,1983,88
torrejo01,Joe Torre,1984,80
torrejo01,Joe Torre,1990,24
torrejo01,Joe Torre,1991,84
torrejo01,Joe Torre,1992,83
torrejo01,Joe Torre,1993,87
torrejo01,Joe Torre,1994,53
torrejo01,Joe Torre,1995,20
torrejo01,Joe Torre,1996,92
torrejo01,Joe Torre,1997,96
torrejo01,Joe Torre,1998,114
torrejo01,Joe Torre,1999,98
torrejo01,Joe Torre,2000,87
torrejo01,Joe Torre,2001,95
torrejo01,Joe Torre,2002,103
torrejo01,Joe Torre,2003,101
torrejo01,Joe Torre,2004,101
torrejo01,Joe Torre,2005,95
torrejo01,Joe Torre,2006,97
torrejo01,Joe Torre,2007,94
torrejo01,Joe Torre,2008,84
torrejo01,Joe Torre,2009,95
torrejo01,Joe Torre,2010,80
toscaca99,Carlos Tosca,2002,58
toscaca99,Carlos Tosca,2003,86
toscaca99,Carlos Tosca,2004,47
tracedi01,Dick Tracewski,1979,2
tracyji01,Jim Tracy,2001,86
tracyji01,Jim Tracy,2002,92
tracyji01,Jim Tracy,2003,85
tracyji01,Jim Tracy,2004,93
tracyji01,Jim Tracy,2005,71
tracyji01,Jim Tracy,2006,67
tracyji01,Jim Tracy,2007,68
tracyji01,Jim Tracy,2009,74
tracyji01,Jim Tracy,2010,83
trammal01,Alan Trammell,2003,43
trammal01,Alan Trammell,2004,72
trammal01,Alan Trammell,2005,71
traynpi01,Pie Traynor,1934,47
traynpi01,Pie Traynor,1935,86
traynpi01,Pie Traynor,1936,84
traynpi01,Pie Traynor,1937,86
traynpi01,Pie Traynor,1938,86
traynpi01,Pie Traynor,1939,68
trebeto99,Tom Trebelhorn,1986,6
trebeto99,Tom Trebelhorn,1987,91
trebeto99,Tom Trebelhorn,1988,87
trebeto99,Tom Trebelhorn,1989,81
trebeto99,Tom Trebelhorn,1990,74
trebeto99,Tom Trebelhorn,1991,83
trebeto99,Tom Trebelhorn,1994,49
trembda99,Dave Trembley,2007,40
trembda99,Dave Trembley,2008,68
trembda99,Dave Trembley,2009,64
trembda99,Dave Trembley,2010,15
trottsa01,Sam Trott,1891,4
turnete99,Ted Turner,1977,0
unglabo01,Bob Unglaub,1907,9
valenbo02,Bobby Valentine,1985,53
valenbo02,Bobby Valentine,1986,87
valenbo02,Bobby Valentine,1987,75
valenbo02,Bobby Valentine,1988,70
valenbo02,Bobby Valentine,1989,83
valenbo02,Bobby Valentine,1990,83
valenbo02,Bobby Valentine,1991,85
valenbo02,Bobby Valentine,1992,45
valenbo02,Bobby Valentine,1996,12
valenbo02,Bobby Valentine,1997,88
valenbo02,Bobby Valentine,1998,88
valenbo02,Bobby Valentine,1999,97
valenbo02,Bobby Valentine,2000,94
valenbo02,Bobby Valentine,2001,82
valenbo02,Bobby Valentine,2002,75
vanhage01,George Van Haltren,1892,1
varshga01,Gary Varsho,2004,1
vernomi01,Mickey Vernon,1961,61
vernomi01,Mickey Vernon,1962,60
vernomi01,Mickey Vernon,1963,14
virdobi01,Bill Virdon,1972,96
virdobi01,Bill Virdon,1973,67
virdobi01,Bill Virdon,1974,89
virdobi01,Bill Virdon,1975,70
virdobi01,Bill Virdon,1976,80
virdobi01,Bill Virdon,1977,81
virdobi01,Bill Virdon,1978,74
virdobi01,Bill Virdon,1979,89
virdobi01,Bill Virdon,1980,93
virdobi01,Bill Virdon,1981,61
virdobi01,Bill Virdon,1982,49
virdobi01,Bill Virdon,1983,82
virdobi01,Bill Virdon,1984,64
vittos01,Ossie Vitt,1938,86
vittos01,Ossie Vitt,1939,87
vittos01,Ossie Vitt,1940,89
vondech99,Chris Von Der Ahe,1895,1
vondech99,Chris Von Der Ahe,1896,0
vondech99,Chris Von Der Ahe,1897,2
vukovjo01,John Vukovich,1986,1
vukovjo01,John Vukovich,1988,5
wagnehe01,Heinie Wagner,1930,52
wagneho01,Honus Wagner,1917,1
wakamdo01,Don Wakamatsu,2009,85
wakamdo01,Don Wakamatsu,2010,42
walkeha01,Harry Walker,1955,51
walkeha01,Harry Walker,1965,90
walkeha01,Harry Walker,1966,92
walkeha01,Harry Walker,1967,42
walkeha01,Harry Walker,1968,49
walkeha01,Harry Walker,1969,81
walkeha01,Harry Walker,1970,79
walkeha01,Harry Walker,1971,79
walkeha01,Harry Walker,1972,67
wallabo01,Bobby Wallace,1911,45
wallabo01,Bobby Wallace,1912,12
wallabo01,Bobby Wallace,1937,5
walshed01,Ed Walsh,1924,1
walshmi99,Mike Walsh,1884,68
waltebu01,Bucky Walters,1948,20
waltebu01,Bucky Walters,1949,61
waltzjo99,John Waltz,1892,2
wardjo01,John Ward,1880,18
wardjo01,John Ward,1884,6
wardjo01,John Ward,1890,76
wardjo01,John Ward,1891,61
wardjo01,John Ward,1892,95
wardjo01,John Ward,1893,68
wardjo01,John Ward,1894,88
washiro01,Ron Washington,2007,75
washiro01,Ron Washington,2008,79
washiro01,Ron Washington,2009,87
washiro01,Ron Washington,2010,90
wathajo01,John Wathan,1987,21
wathajo01,John Wathan,1988,84
wathajo01,John Wathan,1989,92
wathajo01,John Wathan,1990,75
wathajo01,John Wathan,1991,15
wathajo01,John Wathan,1992,39
watkibi01,Bill Watkins,1884,4
watkibi01,Bill Watkins,1885,34
watkibi01,Bill Watkins,1886,87
watkibi01,Bill Watkins,1887,79
watkibi01,Bill Watkins,1888,57
watkibi01,Bill Watkins,1889,55
watkibi01,Bill Watkins,1893,57
watkibi01,Bill Watkins,1898,72
watkibi01,Bill Watkins,1899,7
watkiha99,Harvey Watkins,1895,18
weaveea99,Earl Weaver,1968,48
weaveea99,Earl Weaver,1969,109
weaveea99,Earl Weaver,1970,108
weaveea99,Earl Weaver,1971,101
weaveea99,Earl Weaver,1972,80
weaveea99,Earl Weaver,1973,97
weaveea99,Earl Weaver,1974,91
weaveea99,Earl Weaver,1975,90
weaveea99,Earl Weaver,1976,88
weaveea99,Earl Weaver,1977,97
weaveea99,Earl Weaver,1978,90
weaveea99,Earl Weaver,1979,102
weaveea99,Earl Weaver,1980,100
weaveea99,Earl Weaver,1981,59
weaveea99,Earl Weaver,1982,94
weaveea99,Earl Weaver,1985,53
weaveea99,Earl Weaver,1986,73
wedgeer01,Eric Wedge,2003,68
wedgeer01,Eric Wedge,2004,80
wedgeer01,Eric Wedge,2005,93
wedgeer01,Eric Wedge,2006,78
wedgeer01,Eric Wedge,2007,96
wedgeer01,Eric Wedge,2008,81
wedgeer01,Eric Wedge,2009,65
westrwe01,Wes Westrum,1965,19
westrwe01,Wes Westrum,1966,66
westrwe01,Wes Westrum,1967,57
westrwe01,Wes Westrum,1974,38
westrwe01,Wes Westrum,1975,80
wheelha01,Harry Wheeler,1884,0
whitede01,Deacon White,1872,0
whitede01,Deacon White,1879,9
whitejo01,Jo-Jo White,1960,1
whitewa01,Warren White,1874,9
whitewi01,Will White,1884,44
wilbede01,Del Wilber,1973,1
wilheka01,Kaiser Wilhelm,1921,26
wilheka01,Kaiser Wilhelm,1922,57
willidi02,Dick Williams,1967,92
willidi02,Dick Williams,1968,86
willidi02,Dick Williams,1969,82
willidi02,Dick Williams,1971,101
willidi02,Dick Williams,1972,93
willidi02,Dick Williams,1973,94
willidi02,Dick Williams,1974,36
willidi02,Dick Williams,1975,72
willidi02,Dick Williams,1976,39
willidi02,Dick Williams,1977,75
willidi02,Dick Williams,1978,76
willidi02,Dick Williams,1979,95
willidi02,Dick Williams,1980,90
willidi02,Dick Williams,1981,44
willidi02,Dick Williams,1982,81
willidi02,Dick Williams,1983,81
willidi02,Dick Williams,1984,92
willidi02,Dick Williams,1985,83
willidi02,Dick Williams,1986,58
willidi02,Dick Williams,1987,78
willidi02,Dick Williams,1988,23
williji03,Jimy Williams,1986,86
williji03,Jimy Williams,1987,96
williji03,Jimy Williams,1988,87
williji03,Jimy Williams,1989,12
williji03,Jimy Williams,1997,78
williji03,Jimy Williams,1998,92
williji03,Jimy Williams,1999,94
williji03,Jimy Williams,2000,85
williji03,Jimy Williams,2001,65
williji03,Jimy Williams,2002,84
williji03,Jimy Williams,2003,87
williji03,Jimy Williams,2004,44
williji99,Jimmy Williams,1884,51
williji99,Jimmy Williams,1887,39
williji99,Jimmy Williams,1888,20
willite01,Ted Williams,1969,86
willite01,Ted Williams,1970,70
willite01,Ted Williams,1971,63
willite01,Ted Williams,1972,54
willsma01,Maury Wills,1980,20
willsma01,Maury Wills,1981,6
wilsoji01,Jimmie Wilson,1934,56
wilsoji01,Jimmie Wilson,1935,64
wilsoji01,Jimmie Wilson,1936,54
wilsoji01,Jimmie Wilson,1937,61
wilsoji01,Jimmie Wilson,1938,45
wilsoji01,Jimmie Wilson,1941,70
wilsoji01,Jimmie Wilson,1942,68
wilsoji01,Jimmie Wilson,1943,74
wilsoji01,Jimmie Wilson,1944,1
winebo01,Bobby Wine,1985,16
wingoiv01,Ivey Wingo,1916,1
winklbo99,Bobby Winkles,1973,79
winklbo99,Bobby Winkles,1974,30
winklbo99,Bobby Winkles,1977,37
winklbo99,Bobby Winkles,1978,24
wolfji01,Chicken Wolf,1889,14
wolveha01,Harry Wolverton,1912,50
woodge01,George Wood,1891,67
woodji01,Jimmy Wood,1871,19
woodji01,Jimmy Wood,1872,18
woodji01,Jimmy Wood,1873,28
woodji01,Jimmy Wood,1874,10
woodji01,Jimmy Wood,1875,30
wrighal99,Al Wright,1876,14
wrighge01,George Wright,1879,59
wrighha01,Harry Wright,1871,20
wrighha01,Harry Wright,1872,39
wrighha01,Harry Wright,1873,43
wrighha01,Harry Wright,1874,52
wrighha01,Harry Wright,1875,71
wrighha01,Harry Wright,1876,39
wrighha01,Harry Wright,1877,42
wrighha01,Harry Wright,1878,41
wrighha01,Harry Wright,1879,54
wrighha01,Harry Wright,1880,40
wrighha01,Harry Wright,1881,38
wrighha01,Harry Wright,1882,52
wrighha01,Harry Wright,1883,58
wrighha01,Harry Wright,1884,39
wrighha01,Harry Wright,1885,56
wrighha01,Harry Wright,1886,71
wrighha01,Harry Wright,1887,75
wrighha01,Harry Wright,1888,69
wrighha01,Harry Wright,1889,63
wrighha01,Harry Wright,1890,36
wrighha01,Harry Wright,1891,68
wrighha01,Harry Wright,1892,87
wrighha01,Harry Wright,1893,72
yorkru01,Rudy York,1959,0
yorkto01,Tom York,1878,33
yorkto01,Tom York,1881,23
yosted01,Eddie Yost,1963,0
yostne01,Ned Yost,2003,68
yostne01,Ned Yost,2004,67
yostne01,Ned Yost,2005,81
yostne01,Ned Yost,2006,75
yostne01,Ned Yost,2007,83
yostne01,Ned Yost,2008,83
yostne01,Ned Yost,2010,55
youngcy01,Cy Young,1907,3
youngni99,Nick Young,1871,15
youngni99,Nick Young,1872,2
youngni99,Nick Young,1873,8
zimmech01,Chief Zimmer,1903,49
zimmedo01,Don Zimmer,1972,54
zimmedo01,Don Zimmer,1973,60
zimmedo01,Don Zimmer,1976,42
zimmedo01,Don Zimmer,1977,97
zimmedo01,Don Zimmer,1978,99
zimmedo01,Don Zimmer,1979,91
zimmedo01,Don Zimmer,1980,82
zimmedo01,Don Zimmer,1981,57
zimmedo01,Don Zimmer,1982,38
zimmedo01,Don Zimmer,1988,77
zimmedo01,Don Zimmer,1989,93
zimmedo01,Don Zimmer,1990,77
zimmedo01,Don Zimmer,1991,18
