Name,playerid,Team,Position,Position_Group,WAR
Andres Torres,1488,2010 San Francisco Giants,DH/Top Reserve,DH/Top Reserve,6.3
Aubrey Huff,1213,2010 San Francisco Giants,1B,Corner Infield,5.7
Buster Posey,9166,2010 San Francisco Giants,C,Catcher,4.0
Tim Lincecum,5705,2010 San Francisco Giants,SP 1,Starting Pitcher,4.0
Matt Cain,4732,2010 San Francisco Giants,SP 2,Starting Pitcher,3.7
Pat Burrell,949,2010 San Francisco Giants,LF,Outfield,2.8
Juan Uribe,454,2010 San Francisco Giants,SS,Middle Infield,2.7
Brian Wilson,6485,2010 San Francisco Giants,Bullpen,Bullpen,2.4
Freddy Sanchez,1624,2010 San Francisco Giants,2B,Middle Infield,2.4
Jonathan Sanchez,7507,2010 San Francisco Giants,SP 3,Starting Pitcher,2.1
Madison Bumgarner,5524,2010 San Francisco Giants,SP 4,Starting Pitcher,1.8
Barry Zito,944,2010 San Francisco Giants,SP 5,Starting Pitcher,1.5
Sergio Romo,9817,2010 San Francisco Giants,Bullpen,Bullpen,1.2
Edgar Renteria,1178,2010 San Francisco Giants,Bench,Bench,1.2
Pablo Sandoval,5409,2010 San Francisco Giants,3B,Corner Infield,1.1
Eli Whiteside,3536,2010 San Francisco Giants,Bench,Bench,0.8
Nate Schierholtz,6201,2010 San Francisco Giants,RF,Outfield,0.7
Santiago Casilla,2873,2010 San Francisco Giants,Bullpen,Bullpen,0.6
Javier Lopez,1663,2010 San Francisco Giants,Bullpen,Bullpen,0.5
Matt Downs,957,2010 San Francisco Giants,Bench,Bench,0.4
Cody Ross,1760,2010 San Francisco Giants,Bench,Bench,0.4
Dan Runzler,4080,2010 San Francisco Giants,Bullpen,Bullpen,0.3
Ramon Ramirez,7986,2010 San Francisco Giants,Bullpen,Bullpen,0.2
Guillermo Mota,1467,2010 San Francisco Giants,Bullpen,Bullpen,0.2
Chris Ray,6315,2010 San Francisco Giants,Bullpen,Bullpen,0.2
Jeremy Affeldt,583,2010 San Francisco Giants,Bullpen,Bullpen,0.1
Eugenio Velez,3893,2010 San Francisco Giants,Bench,Bench,0.1
Emmanuel Burriss,2917,2010 San Francisco Giants,Bench,Bench,0.0
Darren Ford,109,2010 San Francisco Giants,Bench,Bench,0.0
Aaron Rowand,254,2010 San Francisco Giants,CF,Outfield,0.0
Travis Ishikawa,4793,2010 San Francisco Giants,Bench,Bench,0.0
Denny Bautista,1947,2010 San Francisco Giants,Bullpen,Bullpen,0.0
John Bowker,8276,2010 San Francisco Giants,Bench,Bench,-0.1
Jose Guillen,57,2010 San Francisco Giants,Bench,Bench,-0.1
Joe Martinez,3935,2010 San Francisco Giants,Bullpen,Bullpen,-0.1
Waldis Joaquin,6580,2010 San Francisco Giants,Bullpen,Bullpen,-0.1
Ryan Rohlinger,2621,2010 San Francisco Giants,Bench,Bench,-0.2
Brandon Medders,8604,2010 San Francisco Giants,Bullpen,Bullpen,-0.2
Mike Fontenot,3912,2010 San Francisco Giants,Bench,Bench,-0.3
Bengie Molina,24,2010 San Francisco Giants,Bench,Bench,-0.5
Mark DeRosa,1392,2010 San Francisco Giants,Bench,Bench,-0.6
Todd Wellemeyer,1709,2010 San Francisco Giants,Bullpen,Bullpen,-0.9
Yadier Molina,7007,2011 St. Louis Cardinals,C,Catcher,5.9
Lance Berkman,548,2011 St. Louis Cardinals,RF,Outfield,4.7
Chris Carpenter,1292,2011 St. Louis Cardinals,SP 1,Starting Pitcher,4.5
Matt Holliday,1873,2011 St. Louis Cardinals,LF,Outfield,4.4
Albert Pujols,1177,2011 St. Louis Cardinals,1B,Corner Infield,3.9
Jaime Garcia,8137,2011 St. Louis Cardinals,SP 2,Starting Pitcher,2.9
Kyle Lohse,739,2011 St. Louis Cardinals,SP 3,Starting Pitcher,2.3
Jon Jay,5227,2011 St. Louis Cardinals,DH/Top Reserve,DH/Top Reserve,2.3
Allen Craig,3433,2011 St. Louis Cardinals,Bench,Bench,2.3
David Freese,9549,2011 St. Louis Cardinals,3B,Corner Infield,2.2
Nick Punto,1429,2011 St. Louis Cardinals,Bench,Bench,1.7
Jason Motte,5861,2011 St. Louis Cardinals,Bullpen,Bullpen,1.4
Colby Rasmus,9893,2011 St. Louis Cardinals,CF,Outfield,1.0
Fernando Salas,4971,2011 St. Louis Cardinals,Bullpen,Bullpen,0.9
Edwin Jackson,1841,2011 St. Louis Cardinals,SP 4,Starting Pitcher,0.9
Octavio Dotel,555,2011 St. Louis Cardinals,Bullpen,Bullpen,0.8
Jake Westbrook,412,2011 St. Louis Cardinals,SP 5,Starting Pitcher,0.8
Rafael Furcal,88,2011 St. Louis Cardinals,Bench,Bench,0.8
Lance Lynn,2520,2011 St. Louis Cardinals,Bullpen,Bullpen,0.5
Daniel Descalso,8392,2011 St. Louis Cardinals,Bench,Bench,0.4
Eduardo Sanchez,2966,2011 St. Louis Cardinals,Bullpen,Bullpen,0.4
Mitchell Boggs,3344,2011 St. Louis Cardinals,Bullpen,Bullpen,0.3
Marc Rzepczynski,6612,2011 St. Louis Cardinals,Bullpen,Bullpen,0.3
Tony Cruz,2802,2011 St. Louis Cardinals,Bench,Bench,0.2
Skip Schumaker,3704,2011 St. Louis Cardinals,2B,Middle Infield,0.2
Ryan Theriot,3811,2011 St. Louis Cardinals,SS,Middle Infield,0.2
Pete Kozma,2539,2011 St. Louis Cardinals,Bench,Bench,0.1
Raul Valdes,1953,2011 St. Louis Cardinals,Bullpen,Bullpen,0.1
Tyler Greene,4675,2011 St. Louis Cardinals,Bench,Bench,0.0
Brandon Dickson,6979,2011 St. Louis Cardinals,Bullpen,Bullpen,0.0
Adron Chambers,7995,2011 St. Louis Cardinals,Bench,Bench,0.0
Gerald Laird,1698,2011 St. Louis Cardinals,Bench,Bench,-0.1
Bryan Augenstein,936,2011 St. Louis Cardinals,Bullpen,Bullpen,-0.1
P.J. Walters,9557,2011 St. Louis Cardinals,Bullpen,Bullpen,-0.1
Matt Carpenter,8090,2011 St. Louis Cardinals,Bench,Bench,-0.1
Andrew Brown,3837,2011 St. Louis Cardinals,Bench,Bench,-0.1
Shane Robinson,4249,2011 St. Louis Cardinals,Bench,Bench,-0.2
Mark Hamilton,9334,2011 St. Louis Cardinals,Bench,Bench,-0.2
Maikel Cleto,5529,2011 St. Louis Cardinals,Bullpen,Bullpen,-0.2
Trever Miller,1672,2011 St. Louis Cardinals,Bullpen,Bullpen,-0.3
Arthur Rhodes,1097,2011 St. Louis Cardinals,Bullpen,Bullpen,-0.3
Corey Patterson,300,2011 St. Louis Cardinals,Bench,Bench,-0.3
Brian Tallet,1646,2011 St. Louis Cardinals,Bullpen,Bullpen,-0.5
Miguel Batista,46,2011 St. Louis Cardinals,Bullpen,Bullpen,-0.5
Kyle McClellan,4845,2011 St. Louis Cardinals,Bullpen,Bullpen,-0.8
Ryan Franklin,1076,2011 St. Louis Cardinals,Bullpen,Bullpen,-1.2
Buster Posey,9166,2012 San Francisco Giants,C,Catcher,10.1
Angel Pagan,2918,2012 San Francisco Giants,CF,Outfield,4.6
Melky Cabrera,4022,2012 San Francisco Giants,LF,Outfield,4.5
Matt Cain,4732,2012 San Francisco Giants,SP 1,Starting Pitcher,3.6
Madison Bumgarner,5524,2012 San Francisco Giants,SP 2,Starting Pitcher,3.0
Pablo Sandoval,5409,2012 San Francisco Giants,3B,Corner Infield,2.4
Marco Scutaro,1555,2012 San Francisco Giants,Bench,Bench,2.1
Brandon Crawford,5343,2012 San Francisco Giants,SS,Middle Infield,1.9
Ryan Vogelsong,1011,2012 San Francisco Giants,SP 3,Starting Pitcher,1.9
Gregor Blanco,3123,2012 San Francisco Giants,DH/Top Reserve,DH/Top Reserve,1.8
Brandon Belt,10264,2012 San Francisco Giants,1B,Corner Infield,1.8
Sergio Romo,9817,2012 San Francisco Giants,Bullpen,Bullpen,1.0
Tim Lincecum,5705,2012 San Francisco Giants,SP 4,Starting Pitcher,0.9
Barry Zito,944,2012 San Francisco Giants,SP 5,Starting Pitcher,0.9
Jeremy Affeldt,583,2012 San Francisco Giants,Bullpen,Bullpen,0.8
Joaquin Arias,3817,2012 San Francisco Giants,Bench,Bench,0.6
Javier Lopez,1663,2012 San Francisco Giants,Bullpen,Bullpen,0.5
Nate Schierholtz,6201,2012 San Francisco Giants,Bench,Bench,0.5
George Kontos,9486,2012 San Francisco Giants,Bullpen,Bullpen,0.5
Jose Mijares,4140,2012 San Francisco Giants,Bullpen,Bullpen,0.3
Ryan Theriot,3811,2012 San Francisco Giants,2B,Middle Infield,0.2
Hunter Pence,8252,2012 San Francisco Giants,RF,Outfield,0.2
Francisco Peguero,5496,2012 San Francisco Giants,Bench,Bench,0.1
Xavier Nady,1658,2012 San Francisco Giants,Bench,Bench,0.1
Dan Otero,7385,2012 San Francisco Giants,Bullpen,Bullpen,0.1
Eli Whiteside,3536,2012 San Francisco Giants,Bench,Bench,0.0
Travis Blackley,3234,2012 San Francisco Giants,Bullpen,Bullpen,0.0
Dan Runzler,4080,2012 San Francisco Giants,Bullpen,Bullpen,0.0
Brian Wilson,6485,2012 San Francisco Giants,Bullpen,Bullpen,0.0
Yusmeiro Petit,4020,2012 San Francisco Giants,Bullpen,Bullpen,0.0
Eric Hacker,8743,2012 San Francisco Giants,Bullpen,Bullpen,0.0
Steve Edlefsen,2185,2012 San Francisco Giants,Bullpen,Bullpen,0.0
Guillermo Mota,1467,2012 San Francisco Giants,Bullpen,Bullpen,-0.1
Brett Pill,5834,2012 San Francisco Giants,Bench,Bench,-0.1
Aubrey Huff,1213,2012 San Francisco Giants,Bench,Bench,-0.1
Jean Machi,3220,2012 San Francisco Giants,Bullpen,Bullpen,-0.1
Hector Sanchez,10289,2012 San Francisco Giants,Bench,Bench,-0.1
Shane Loux,1613,2012 San Francisco Giants,Bullpen,Bullpen,-0.3
Conor Gillaspie,9009,2012 San Francisco Giants,Bench,Bench,-0.3
Charlie Culberson,3298,2012 San Francisco Giants,Bench,Bench,-0.3
Santiago Casilla,2873,2012 San Francisco Giants,Bullpen,Bullpen,-0.4
Brad Penny,535,2012 San Francisco Giants,Bullpen,Bullpen,-0.4
Justin Christian,8297,2012 San Francisco Giants,Bench,Bench,-0.6
Clay Hensley,4593,2012 San Francisco Giants,Bullpen,Bullpen,-0.6
Emmanuel Burriss,2917,2012 San Francisco Giants,Bench,Bench,-0.9
Dustin Pedroia,8370,2013 Boston Red Sox,2B,Middle Infield,4.9
Shane Victorino,1677,2013 Boston Red Sox,RF,Outfield,4.7
Jacoby Ellsbury,4727,2013 Boston Red Sox,CF,Outfield,4.6
Stephen Drew,4251,2013 Boston Red Sox,SS,Middle Infield,3.6
David Ortiz,745,2013 Boston Red Sox,DH/Top Reserve,DH/Top Reserve,3.4
Mike Napoli,3057,2013 Boston Red Sox,1B,Corner Infield,3.4
Jon Lester,4930,2013 Boston Red Sox,SP 1,Starting Pitcher,3.2
Koji Uehara,9227,2013 Boston Red Sox,Bullpen,Bullpen,3.1
Jarrod Saltalamacchia,5557,2013 Boston Red Sox,C,Catcher,3.1
Clay Buchholz,3543,2013 Boston Red Sox,SP 2,Starting Pitcher,2.7
Daniel Nava,5450,2013 Boston Red Sox,Bench,Bench,2.7
John Lackey,1507,2013 Boston Red Sox,SP 3,Starting Pitcher,2.4
Felix Doubront,1478,2013 Boston Red Sox,SP 4,Starting Pitcher,2.2
Jose Iglesias,10231,2013 Boston Red Sox,Bench,Bench,1.8
David Ross,1551,2013 Boston Red Sox,Bench,Bench,1.5
Jonny Gomes,1845,2013 Boston Red Sox,LF,Outfield,1.5
Mike Carp,7480,2013 Boston Red Sox,Bench,Bench,1.4
Jake Peavy,1051,2013 Boston Red Sox,Bullpen,Bullpen,1.0
Junichi Tazawa,4079,2013 Boston Red Sox,Bullpen,Bullpen,0.8
Brandon Workman,11428,2013 Boston Red Sox,Bullpen,Bullpen,0.5
Will Middlebrooks,7002,2013 Boston Red Sox,3B,Corner Infield,0.5
Craig Breslow,4363,2013 Boston Red Sox,Bullpen,Bullpen,0.5
Ryan Dempster,517,2013 Boston Red Sox,SP 5,Starting Pitcher,0.5
Quintin Berry,9414,2013 Boston Red Sox,Bench,Bench,0.4
Andrew Miller,6785,2013 Boston Red Sox,Bullpen,Bullpen,0.3
Drake Britton,2868,2013 Boston Red Sox,Bullpen,Bullpen,0.3
Alex Wilson,9239,2013 Boston Red Sox,Bullpen,Bullpen,0.3
Matt Thornton,1918,2013 Boston Red Sox,Bullpen,Bullpen,0.2
Ryan Lavarnway,8879,2013 Boston Red Sox,Bench,Bench,0.2
Xander Bogaerts,12161,2013 Boston Red Sox,Bench,Bench,0.1
Steven Wright,8185,2013 Boston Red Sox,Bullpen,Bullpen,0.0
Brayan Villarreal,5180,2013 Boston Red Sox,Bullpen,Bullpen,0.0
Pedro Beato,1330,2013 Boston Red Sox,Bullpen,Bullpen,0.0
John McDonald,395,2013 Boston Red Sox,Bench,Bench,0.0
Daniel Bard,7115,2013 Boston Red Sox,Bullpen,Bullpen,0.0
Franklin Morales,5088,2013 Boston Red Sox,Bullpen,Bullpen,-0.1
Jonathan Diaz,4142,2013 Boston Red Sox,Bench,Bench,-0.1
Jose De La Torre,787,2013 Boston Red Sox,Bullpen,Bullpen,-0.1
Andrew Bailey,1368,2013 Boston Red Sox,Bullpen,Bullpen,-0.2
Rubby de la Rosa,3862,2013 Boston Red Sox,Bullpen,Bullpen,-0.2
Jackie Bradley Jr.,12984,2013 Boston Red Sox,Bench,Bench,-0.2
Brandon Snyder,9856,2013 Boston Red Sox,Bench,Bench,-0.2
Clayton Mortensen,3166,2013 Boston Red Sox,Bullpen,Bullpen,-0.2
Brock Holt,9345,2013 Boston Red Sox,Bench,Bench,-0.3
Allen Webster,3993,2013 Boston Red Sox,Bullpen,Bullpen,-0.5
Pedro Ciriaco,5278,2013 Boston Red Sox,Bench,Bench,-0.5
Alfredo Aceves,5164,2013 Boston Red Sox,Bullpen,Bullpen,-0.6
Joel Hanrahan,2186,2013 Boston Red Sox,Bullpen,Bullpen,-0.7
Buster Posey,9166,2014 San Francisco Giants,C,Catcher,7.6
Madison Bumgarner,5524,2014 San Francisco Giants,SP 1,Starting Pitcher,4.9
Hunter Pence,8252,2014 San Francisco Giants,RF,Outfield,4.0
Pablo Sandoval,5409,2014 San Francisco Giants,3B,Corner Infield,3.2
Brandon Crawford,5343,2014 San Francisco Giants,SS,Middle Infield,2.7
Gregor Blanco,3123,2014 San Francisco Giants,DH/Top Reserve,DH/Top Reserve,1.9
Angel Pagan,2918,2014 San Francisco Giants,CF,Outfield,1.8
Michael Morse,3035,2014 San Francisco Giants,LF,Outfield,1.6
Yusmeiro Petit,4020,2014 San Francisco Giants,Bullpen,Bullpen,1.5
Tim Hudson,921,2014 San Francisco Giants,SP 2,Starting Pitcher,1.3
Joe Panik,11936,2014 San Francisco Giants,2B,Middle Infield,1.3
Jake Peavy,1051,2014 San Francisco Giants,Bullpen,Bullpen,1.1
Ryan Vogelsong,1011,2014 San Francisco Giants,SP 3,Starting Pitcher,1.0
Brandon Belt,10264,2014 San Francisco Giants,1B,Corner Infield,0.7
Andrew Susac,13132,2014 San Francisco Giants,Bench,Bench,0.7
Brandon Hicks,4003,2014 San Francisco Giants,Bench,Bench,0.4
Santiago Casilla,2873,2014 San Francisco Giants,Bullpen,Bullpen,0.4
Jeremy Affeldt,583,2014 San Francisco Giants,Bullpen,Bullpen,0.4
Travis Ishikawa,4793,2014 San Francisco Giants,Bench,Bench,0.3
George Kontos,9486,2014 San Francisco Giants,Bullpen,Bullpen,0.2
Gary Brown,11464,2014 San Francisco Giants,Bench,Bench,0.2
Hunter Strickland,7836,2014 San Francisco Giants,Bullpen,Bullpen,0.2
Tyler Colvin,5310,2014 San Francisco Giants,Bench,Bench,0.1
Matt Duffy,13836,2014 San Francisco Giants,Bench,Bench,0.1
Jean Machi,3220,2014 San Francisco Giants,Bullpen,Bullpen,0.0
Erik Cordier,4086,2014 San Francisco Giants,Bullpen,Bullpen,0.0
Chris Heston,10302,2014 San Francisco Giants,Bullpen,Bullpen,0.0
Jake Dunning,10803,2014 San Francisco Giants,Bullpen,Bullpen,0.0
Ehire Adrianza,8418,2014 San Francisco Giants,Bench,Bench,0.0
Guillermo Quiroz,7989,2014 San Francisco Giants,Bench,Bench,-0.1
Matt Cain,4732,2014 San Francisco Giants,SP 4,Starting Pitcher,-0.1
Tim Lincecum,5705,2014 San Francisco Giants,SP 5,Starting Pitcher,-0.1
Brett Bochy,11867,2014 San Francisco Giants,Bullpen,Bullpen,-0.1
Mike Kickham,11618,2014 San Francisco Giants,Bullpen,Bullpen,-0.1
Tony Abreu,5053,2014 San Francisco Giants,Bench,Bench,-0.1
Joaquin Arias,3817,2014 San Francisco Giants,Bench,Bench,-0.1
Hector Sanchez,10289,2014 San Francisco Giants,Bench,Bench,-0.1
David Huff,4257,2014 San Francisco Giants,Bullpen,Bullpen,-0.2
Marco Scutaro,1555,2014 San Francisco Giants,Bench,Bench,-0.2
Adam Duvall,10950,2014 San Francisco Giants,Bench,Bench,-0.2
Sergio Romo,9817,2014 San Francisco Giants,Bullpen,Bullpen,-0.2
Dan Uggla,3442,2014 San Francisco Giants,Bench,Bench,-0.2
Juan Gutierrez,3265,2014 San Francisco Giants,Bullpen,Bullpen,-0.2
Chris Dominguez,9718,2014 San Francisco Giants,Bench,Bench,-0.4
Javier Lopez,1663,2014 San Francisco Giants,Bullpen,Bullpen,-0.4
Juan Perez,5371,2014 San Francisco Giants,Bench,Bench,-0.5
Lorenzo Cain,9077,2015 Kansas City Royals,CF,Outfield,6.1
Mike Moustakas,4892,2015 Kansas City Royals,3B,Corner Infield,3.8
Eric Hosmer,3516,2015 Kansas City Royals,1B,Corner Infield,3.5
Alex Gordon,5209,2015 Kansas City Royals,LF,Outfield,2.7
Yordano Ventura,11855,2015 Kansas City Royals,SP 1,Starting Pitcher,2.7
Edinson Volquez,3990,2015 Kansas City Royals,SP 2,Starting Pitcher,2.6
Kendrys Morales,8610,2015 Kansas City Royals,DH/Top Reserve,DH/Top Reserve,2.1
Wade Davis,7441,2015 Kansas City Royals,Bullpen,Bullpen,2.0
Alcides Escobar,6310,2015 Kansas City Royals,SS,Middle Infield,1.5
Ben Zobrist,7435,2015 Kansas City Royals,Bench,Bench,1.5
Jarrod Dyson,4866,2015 Kansas City Royals,Bench,Bench,1.4
Danny Duffy,3542,2015 Kansas City Royals,SP 3,Starting Pitcher,1.3
Chris Young,3196,2015 Kansas City Royals,SP 4,Starting Pitcher,1.1
Johnny Cueto,6893,2015 Kansas City Royals,Bullpen,Bullpen,1.1
Ryan Madson,1852,2015 Kansas City Royals,Bullpen,Bullpen,0.9
Greg Holland,7196,2015 Kansas City Royals,Bullpen,Bullpen,0.8
Salvador Perez,7304,2015 Kansas City Royals,C,Catcher,0.8
Paulo Orlando,8628,2015 Kansas City Royals,Bench,Bench,0.7
Kelvin Herrera,6033,2015 Kansas City Royals,Bullpen,Bullpen,0.6
Kris Medlen,9417,2015 Kansas City Royals,Bullpen,Bullpen,0.5
Joe Blanton,4849,2015 Kansas City Royals,Bullpen,Bullpen,0.5
Jason Vargas,8044,2015 Kansas City Royals,Bullpen,Bullpen,0.4
Franklin Morales,5088,2015 Kansas City Royals,Bullpen,Bullpen,0.4
Christian Colon,11145,2015 Kansas City Royals,Bench,Bench,0.2
Cheslor Cuthbert,10473,2015 Kansas City Royals,Bench,Bench,0.2
Yohan Pino,6955,2015 Kansas City Royals,Bullpen,Bullpen,0.2
Luke Hochevar,6943,2015 Kansas City Royals,Bullpen,Bullpen,0.2
Aaron Brooks,12272,2015 Kansas City Royals,Bullpen,Bullpen,0.1
Louis Coleman,9720,2015 Kansas City Royals,Bullpen,Bullpen,0.0
Scott Alexander,10591,2015 Kansas City Royals,Bullpen,Bullpen,0.0
Jason Frasor,1906,2015 Kansas City Royals,Bullpen,Bullpen,0.0
Joba Chamberlain,2692,2015 Kansas City Royals,Bullpen,Bullpen,0.0
Terrance Gore,13658,2015 Kansas City Royals,Bench,Bench,0.0
Orlando Calixte,11905,2015 Kansas City Royals,Bench,Bench,-0.1
Michael Mariot,10835,2015 Kansas City Royals,Bullpen,Bullpen,-0.1
Francisco Pena,8298,2015 Kansas City Royals,Bench,Bench,-0.1
Erik Kratz,4403,2015 Kansas City Royals,Bench,Bench,-0.1
Brandon Finnegan,16208,2015 Kansas City Royals,Bullpen,Bullpen,-0.1
Alex Rios,2090,2015 Kansas City Royals,RF,Outfield,-0.2
Dusty Coleman,8979,2015 Kansas City Royals,Bench,Bench,-0.2
Jonny Gomes,1845,2015 Kansas City Royals,Bench,Bench,-0.3
Drew Butera,3411,2015 Kansas City Royals,Bench,Bench,-0.4
Miguel Almonte,14139,2015 Kansas City Royals,Bullpen,Bullpen,-0.4
Jeremy Guthrie,2072,2015 Kansas City Royals,SP 5,Starting Pitcher,-0.8
Omar Infante,1609,2015 Kansas City Royals,2B,Middle Infield,-1.3
Kris Bryant,15429,2016 Chicago Cubs,3B,Corner Infield,7.9
Anthony Rizzo,3473,2016 Chicago Cubs,1B,Corner Infield,4.9
Dexter Fowler,4062,2016 Chicago Cubs,CF,Outfield,4.6
Jake Arrieta,4153,2016 Chicago Cubs,SP 1,Starting Pitcher,4.4
Jon Lester,4930,2016 Chicago Cubs,SP 2,Starting Pitcher,4.3
Kyle Hendricks,12049,2016 Chicago Cubs,SP 3,Starting Pitcher,4.1
Ben Zobrist,7435,2016 Chicago Cubs,2B,Middle Infield,4.0
Addison Russell,14106,2016 Chicago Cubs,SS,Middle Infield,3.3
John Lackey,1507,2016 Chicago Cubs,SP 4,Starting Pitcher,2.6
Willson Contreras,11609,2016 Chicago Cubs,Bench,Bench,2.5
Javier Baez,12979,2016 Chicago Cubs,DH/Top Reserve,DH/Top Reserve,2.2
David Ross,1551,2016 Chicago Cubs,Bench,Bench,1.9
Jason Hammel,4538,2016 Chicago Cubs,SP 5,Starting Pitcher,1.8
Aroldis Chapman,10233,2016 Chicago Cubs,Bullpen,Bullpen,1.3
Miguel Montero,3364,2016 Chicago Cubs,C,Catcher,1.1
Jason Heyward,4940,2016 Chicago Cubs,RF,Outfield,1.0
Chris Coghlan,6878,2016 Chicago Cubs,Bench,Bench,0.9
Jorge Soler,14221,2016 Chicago Cubs,LF,Outfield,0.8
Pedro Strop,4070,2016 Chicago Cubs,Bullpen,Bullpen,0.7
Matt Szczur,11255,2016 Chicago Cubs,Bench,Bench,0.6
Albert Almora Jr.,14109,2016 Chicago Cubs,Bench,Bench,0.6
Hector Rondon,2391,2016 Chicago Cubs,Bullpen,Bullpen,0.6
Tommy La Stella,12371,2016 Chicago Cubs,Bench,Bench,0.6
Carl Edwards Jr.,13607,2016 Chicago Cubs,Bullpen,Bullpen,0.6
Justin Grimm,11720,2016 Chicago Cubs,Bullpen,Bullpen,0.5
Rob Zastryzny,15094,2016 Chicago Cubs,Bullpen,Bullpen,0.4
Munenori Kawasaki,13047,2016 Chicago Cubs,Bench,Bench,0.2
Felix Pena,13403,2016 Chicago Cubs,Bullpen,Bullpen,0.2
Jake Buchanan,10962,2016 Chicago Cubs,Bullpen,Bullpen,0.1
Ryan Kalish,6962,2016 Chicago Cubs,Bench,Bench,0.1
Gerardo Concepcion,14411,2016 Chicago Cubs,Bullpen,Bullpen,0.1
Joe Nathan,1122,2016 Chicago Cubs,Bullpen,Bullpen,0.0
Clayton Richard,3551,2016 Chicago Cubs,Bullpen,Bullpen,0.0
Neil Ramirez,7677,2016 Chicago Cubs,Bullpen,Bullpen,0.0
Kyle Schwarber,16478,2016 Chicago Cubs,Bench,Bench,-0.1
Trevor Cahill,6249,2016 Chicago Cubs,Bullpen,Bullpen,-0.1
Travis Wood,9884,2016 Chicago Cubs,Bullpen,Bullpen,-0.1
Mike Montgomery,4869,2016 Chicago Cubs,Bullpen,Bullpen,-0.1
Jeimer Candelario,13621,2016 Chicago Cubs,Bench,Bench,-0.2
Spencer Patton,12361,2016 Chicago Cubs,Bullpen,Bullpen,-0.2
Joe Smith,3281,2016 Chicago Cubs,Bullpen,Bullpen,-0.2
Joel Peralta,2332,2016 Chicago Cubs,Bullpen,Bullpen,-0.3
Brian Matusz,2646,2016 Chicago Cubs,Bullpen,Bullpen,-0.3
Tim Federowicz,8609,2016 Chicago Cubs,Bench,Bench,-0.4
Adam Warren,9029,2016 Chicago Cubs,Bullpen,Bullpen,-0.7
Jose Altuve,5417,2017 Houston Astros,2B,Middle Infield,7.6
Carlos Correa,14162,2017 Houston Astros,SS,Middle Infield,5.1
George Springer,12856,2017 Houston Astros,CF,Outfield,4.5
Marwin Gonzalez,5497,2017 Houston Astros,Bench,Bench,4.0
Alex Bregman,17678,2017 Houston Astros,3B,Corner Infield,3.5
Josh Reddick,3892,2017 Houston Astros,RF,Outfield,3.4
Brad Peacock,5401,2017 Houston Astros,SP 1,Starting Pitcher,3.4
Charlie Morton,4676,2017 Houston Astros,SP 2,Starting Pitcher,3.1
Lance McCullers Jr.,14120,2017 Houston Astros,SP 3,Starting Pitcher,2.8
Brian McCann,4810,2017 Houston Astros,C,Catcher,2.6
Dallas Keuchel,9434,2017 Houston Astros,SP 4,Starting Pitcher,2.2
Ken Giles,12910,2017 Houston Astros,Bullpen,Bullpen,1.8
Yuli Gurriel,19198,2017 Houston Astros,1B,Corner Infield,1.7
Jake Marisnick,11339,2017 Houston Astros,Bench,Bench,1.4
Evan Gattis,11003,2017 Houston Astros,Bench,Bench,1.4
Chris Devenski,12763,2017 Houston Astros,Bullpen,Bullpen,1.3
Collin McHugh,7531,2017 Houston Astros,Bullpen,Bullpen,1.1
Justin Verlander,8700,2017 Houston Astros,Bullpen,Bullpen,1.0
Joe Musgrove,12970,2017 Houston Astros,Bullpen,Bullpen,0.9
Will Harris,3192,2017 Houston Astros,Bullpen,Bullpen,0.8
James Hoyt,14605,2017 Houston Astros,Bullpen,Bullpen,0.5
Michael Feliz,11903,2017 Houston Astros,Bullpen,Bullpen,0.4
Francis Martes,17303,2017 Houston Astros,Bullpen,Bullpen,0.2
Colin Moran,16909,2017 Houston Astros,Bench,Bench,0.2
Max Stassi,10059,2017 Houston Astros,Bench,Bench,0.2
David Paulino,17418,2017 Houston Astros,Bullpen,Bullpen,0.1
Tyler White,15564,2017 Houston Astros,Bench,Bench,0.1
J.D. Davis,16219,2017 Houston Astros,Bench,Bench,0.1
Francisco Liriano,3201,2017 Houston Astros,Bullpen,Bullpen,0.0
Dayan Diaz,11543,2017 Houston Astros,Bullpen,Bullpen,0.0
Reymin Guduan,13058,2017 Houston Astros,Bullpen,Bullpen,0.0
Ashur Tolliver,10044,2017 Houston Astros,Bullpen,Bullpen,0.0
Derek Fisher,16192,2017 Houston Astros,Bench,Bench,0.0
Teoscar Hernandez,13066,2017 Houston Astros,Bench,Bench,0.0
Cameron Maybin,5223,2017 Houston Astros,Bench,Bench,0.0
Mike Fiers,7754,2017 Houston Astros,SP 5,Starting Pitcher,0.0
Tony Kemp,14894,2017 Houston Astros,Bench,Bench,-0.1
Jandel Gustave,14665,2017 Houston Astros,Bullpen,Bullpen,-0.1
Tyler Clippard,5640,2017 Houston Astros,Bullpen,Bullpen,-0.1
Luke Gregerson,4090,2017 Houston Astros,Bullpen,Bullpen,-0.1
A.J. Reed,16246,2017 Houston Astros,Bench,Bench,-0.2
Tony Sipp,8280,2017 Houston Astros,Bullpen,Bullpen,-0.2
Jordan Jankowski,13313,2017 Houston Astros,Bullpen,Bullpen,-0.2
Juan Centeno,7168,2017 Houston Astros,Bench,Bench,-0.3
Nori Aoki,13075,2017 Houston Astros,LF,Outfield,-0.3
Carlos Beltran,589,2017 Houston Astros,DH/Top Reserve,DH/Top Reserve,-1.1
Mookie Betts,13611,2018 Boston Red Sox,RF,Outfield,10.4
Chris Sale,10603,2018 Boston Red Sox,SP 1,Starting Pitcher,6.2
J.D. Martinez,6184,2018 Boston Red Sox,DH/Top Reserve,DH/Top Reserve,5.9
Xander Bogaerts,12161,2018 Boston Red Sox,SS,Middle Infield,4.9
Andrew Benintendi,17901,2018 Boston Red Sox,LF,Outfield,4.4
Jackie Bradley Jr.,12984,2018 Boston Red Sox,CF,Outfield,2.8
Rick Porcello,2717,2018 Boston Red Sox,SP 2,Starting Pitcher,2.6
David Price,3184,2018 Boston Red Sox,SP 3,Starting Pitcher,2.4
Eduardo Rodriguez,13164,2018 Boston Red Sox,SP 4,Starting Pitcher,2.1
Nathan Eovaldi,9132,2018 Boston Red Sox,SP 5,Starting Pitcher,1.5
Brock Holt,9345,2018 Boston Red Sox,Bench,Bench,1.4
Craig Kimbrel,6655,2018 Boston Red Sox,Bullpen,Bullpen,1.3
Steve Pearce,9957,2018 Boston Red Sox,Bench,Bench,1.2
Matt Barnes,12863,2018 Boston Red Sox,Bullpen,Bullpen,1.2
Rafael Devers,17350,2018 Boston Red Sox,3B,Corner Infield,1.0
Ryan Brasier,5615,2018 Boston Red Sox,Bullpen,Bullpen,0.7
Mitch Moreland,3086,2018 Boston Red Sox,1B,Corner Infield,0.7
Joe Kelly,9761,2018 Boston Red Sox,Bullpen,Bullpen,0.6
Hector Velazquez,19341,2018 Boston Red Sox,Bullpen,Bullpen,0.4
Sandy Leon,5273,2018 Boston Red Sox,C,Catcher,0.4
Brian Johnson,14272,2018 Boston Red Sox,Bullpen,Bullpen,0.3
Marcus Walden,8004,2018 Boston Red Sox,Bullpen,Bullpen,0.2
Christian Vazquez,9774,2018 Boston Red Sox,Bench,Bench,0.2
Bobby Poyner,17987,2018 Boston Red Sox,Bullpen,Bullpen,0.2
Steven Wright,8185,2018 Boston Red Sox,Bullpen,Bullpen,0.2
Carson Smith,13172,2018 Boston Red Sox,Bullpen,Bullpen,0.1
Heath Hembree,11632,2018 Boston Red Sox,Bullpen,Bullpen,0.1
Ian Kinsler,6195,2018 Boston Red Sox,Bench,Bench,0.1
Tzu-Wei Lin,14678,2018 Boston Red Sox,Bench,Bench,0.0
Tony Renda,13443,2018 Boston Red Sox,Bench,Bench,0.0
Brandon Workman,11428,2018 Boston Red Sox,Bullpen,Bullpen,0.0
Jalen Beeks,17192,2018 Boston Red Sox,Bullpen,Bullpen,-0.1
Dustin Pedroia,8370,2018 Boston Red Sox,Bench,Bench,-0.1
Dan Butler,9968,2018 Boston Red Sox,Bench,Bench,-0.1
Sam Travis,16263,2018 Boston Red Sox,Bench,Bench,-0.2
Justin Haley,13572,2018 Boston Red Sox,Bullpen,Bullpen,-0.2
Hanley Ramirez,8001,2018 Boston Red Sox,Bench,Bench,-0.2
William Cuevas,13331,2018 Boston Red Sox,Bullpen,Bullpen,-0.2
Blake Swihart,13176,2018 Boston Red Sox,Bench,Bench,-0.2
Brandon Phillips,791,2018 Boston Red Sox,Bench,Bench,-0.3
Eduardo Nunez,6848,2018 Boston Red Sox,2B,Middle Infield,-0.3
Tyler Thornburg,10688,2018 Boston Red Sox,Bullpen,Bullpen,-0.3
Drew Pomeranz,11426,2018 Boston Red Sox,Bullpen,Bullpen,-0.4
Robby Scott,13042,2018 Boston Red Sox,Bullpen,Bullpen,-0.4
Anthony Rendon,12861,2019 Washington Nationals,3B,Corner Infield,7.0
Max Scherzer,3137,2019 Washington Nationals,SP 1,Starting Pitcher,6.6
Stephen Strasburg,10131,2019 Washington Nationals,SP 2,Starting Pitcher,5.9
Juan Soto,20123,2019 Washington Nationals,LF,Outfield,4.9
Patrick Corbin,9323,2019 Washington Nationals,SP 3,Starting Pitcher,4.5
Trea Turner,16252,2019 Washington Nationals,SS,Middle Infield,3.5
Howie Kendrick,4229,2019 Washington Nationals,DH/Top Reserve,DH/Top Reserve,3.0
Victor Robles,18363,2019 Washington Nationals,CF,Outfield,2.5
Adam Eaton,11205,2019 Washington Nationals,RF,Outfield,2.4
Anibal Sanchez,3284,2019 Washington Nationals,SP 4,Starting Pitcher,2.2
Brian Dozier,9810,2019 Washington Nationals,2B,Middle Infield,1.6
Wander Suero,15855,2019 Washington Nationals,Bullpen,Bullpen,1.5
Asdrubal Cabrera,4962,2019 Washington Nationals,Bench,Bench,1.2
Austin Voth,15047,2019 Washington Nationals,Bullpen,Bullpen,1.0
Yan Gomes,9627,2019 Washington Nationals,C,Catcher,0.8
Sean Doolittle,1581,2019 Washington Nationals,Bullpen,Bullpen,0.7
Kurt Suzuki,8259,2019 Washington Nationals,Bench,Bench,0.6
Joe Ross,12972,2019 Washington Nationals,Bullpen,Bullpen,0.6
Daniel Hudson,7146,2019 Washington Nationals,Bullpen,Bullpen,0.5
Fernando Rodney,494,2019 Washington Nationals,Bullpen,Bullpen,0.5
Tony Sipp,8280,2019 Washington Nationals,Bullpen,Bullpen,0.3
Andrew Stevenson,17932,2019 Washington Nationals,Bench,Bench,0.3
Tanner Rainey,17610,2019 Washington Nationals,Bullpen,Bullpen,0.2
Javy Guerra,7407,2019 Washington Nationals,Bullpen,Bullpen,0.2
Gerardo Parra,8553,2019 Washington Nationals,Bench,Bench,0.2
Ryan Zimmerman,4220,2019 Washington Nationals,Bench,Bench,0.1
Erick Fedde,17425,2019 Washington Nationals,SP 5,Starting Pitcher,0.1
Jonny Venters,7175,2019 Washington Nationals,Bullpen,Bullpen,0.0
Michael A. Taylor,11489,2019 Washington Nationals,Bench,Bench,0.0
Jeremy Hellickson,4371,2019 Washington Nationals,Bullpen,Bullpen,0.0
Austin Adams,13801,2019 Washington Nationals,Bullpen,Bullpen,0.0
James Bourque,16668,2019 Washington Nationals,Bullpen,Bullpen,0.0
Tres Barrera,19977,2019 Washington Nationals,Bench,Bench,0.0
Michael Blazek,9654,2019 Washington Nationals,Bullpen,Bullpen,-0.1
Matt Adams,9393,2019 Washington Nationals,1B,Corner Infield,-0.1
Dan Jennings,8073,2019 Washington Nationals,Bullpen,Bullpen,-0.1
Aaron Barrett,11243,2019 Washington Nationals,Bullpen,Bullpen,-0.1
Jake Noll,19703,2019 Washington Nationals,Bench,Bench,-0.1
Austen Williams,16309,2019 Washington Nationals,Bullpen,Bullpen,-0.2
Wilmer Difo,14320,2019 Washington Nationals,Bench,Bench,-0.2
Adrian Sanchez,11338,2019 Washington Nationals,Bench,Bench,-0.2
Raudy Read,15766,2019 Washington Nationals,Bench,Bench,-0.2
Roenis Elias,12673,2019 Washington Nationals,Bullpen,Bullpen,-0.3
Kyle McGowin,15071,2019 Washington Nationals,Bullpen,Bullpen,-0.3
Hunter Strickland,7836,2019 Washington Nationals,Bullpen,Bullpen,-0.3
Justin Miller,8580,2019 Washington Nationals,Bullpen,Bullpen,-0.3
Trevor Rosenthal,10745,2019 Washington Nationals,Bullpen,Bullpen,-0.3
Matt Grace,11449,2019 Washington Nationals,Bullpen,Bullpen,-0.4
Carter Kieboom,19958,2019 Washington Nationals,Bench,Bench,-0.5
Kyle Barraclough,13713,2019 Washington Nationals,Bullpen,Bullpen,-0.6
