Season,Name,WAR,playerid
1979,J.R. Richard,8.9,1010913
1986,Mike Scott,8.6,1011691
2019,Gerrit Cole,7.3,13125
1969,Larry Dierker,7.3,1003288
2018,Justin Verlander,6.6,8700
2004,Roy Oswalt,6.5,571
1978,J.R. Richard,6.4,1010913
1987,Nolan Ryan,6.4,1011348
2019,Justin Verlander,6.3,8700
2002,Roy Oswalt,6.2,571
2006,Roy Oswalt,6.1,571
1966,Mike Cuellar,6.1,1002853
2005,Roy Oswalt,6.1,571
2005,Roger Clemens,6.0,815
1999,Shane Reynolds,6.0,574
2018,Gerrit Cole,5.9,13125
2005,Andy Pettitte,5.8,840
2004,Roger Clemens,5.7,815
2015,Dallas Keuchel,5.7,9434
1996,Shane Reynolds,5.5,574
1987,Mike Scott,5.4,1011691
1962,Turk Farrell,5.3,1003950
1967,Mike Cuellar,5.1,1002853
1971,Don Wilson,5.0,1014071
1977,J.R. Richard,5.0,1010913
2007,Roy Oswalt,4.9,571
1999,Mike Hampton,4.9,430
1964,Bob Bruce,4.9,1001573
1995,Shane Reynolds,4.9,574
1999,Jose Lima,4.7,475
1998,Shane Reynolds,4.5,574
1980,Nolan Ryan,4.5,1011348
1962,Ken Johnson,4.5,1006477
1969,Don Wilson,4.4,1014071
1985,Nolan Ryan,4.4,1011348
1972,Don Wilson,4.4,1014071
1963,Turk Farrell,4.3,1003950
1973,Dave Roberts,4.2,1011031
2001,Roy Oswalt,4.2,571
1982,Joe Niekro,4.2,1009582
1982,Don Sutton,4.2,1012745
2009,Wandy Rodriguez,4.1,2586
1971,Jack Billingham,4.1,1000970
1993,Doug Drabek,4.1,1003473
1971,Ken Forsch,4.1,1004234
1963,Ken Johnson,4.1,1006477
1997,Darryl Kile,4.0,1163
1973,Jerry Reuss,4.0,1010853
1984,Nolan Ryan,4.0,1011348
1981,Don Sutton,3.9,1012745
2010,Brett Myers,3.9,962
1981,Nolan Ryan,3.8,1011348
1969,Denny Lemaster,3.8,1007512
1968,Dave Giusti,3.8,1004748
1968,Don Wilson,3.8,1014071
1980,J.R. Richard,3.8,1010913
2004,Brad Lidge,3.7,563
1963,Don Nottebart,3.7,1009651
1996,Darryl Kile,3.7,1163
1970,Jack Billingham,3.7,1000970
2008,Roy Oswalt,3.7,571
1970,Larry Dierker,3.6,1003288
1999,Billy Wagner,3.6,578
2010,Wandy Rodriguez,3.6,2586
2015,Collin McHugh,3.5,7531
1988,Mike Scott,3.5,1011691
1982,Nolan Ryan,3.5,1011348
1986,Bob Knepper,3.5,1007031
2009,Roy Oswalt,3.5,571
2014,Dallas Keuchel,3.5,9434
2006,Roger Clemens,3.4,815
1988,Nolan Ryan,3.4,1011348
1965,Bob Bruce,3.4,1001573
2006,Andy Pettitte,3.4,840
1980,Joe Niekro,3.4,1009582
1983,Nolan Ryan,3.4,1011348
1993,Mark Portugal,3.4,1010460
2002,Wade Miller,3.4,568
1971,Larry Dierker,3.3,1003288
2000,Chris Holt,3.3,1005983
2001,Octavio Dotel,3.3,555
1998,Randy Johnson,3.3,60
1991,Pete Harnisch,3.3,1005374
2003,Wade Miller,3.3,568
1972,Larry Dierker,3.3,1003288
1965,Turk Farrell,3.3,1003950
1968,Mike Cuellar,3.3,1002853
1976,J.R. Richard,3.3,1010913
2017,Brad Peacock,3.2,5401
1967,Don Wilson,3.2,1014071
1986,Nolan Ryan,3.2,1011348
2018,Dallas Keuchel,3.2,9434
1993,Pete Harnisch,3.2,1005374
2017,Charlie Morton,3.1,4676
2007,Wandy Rodriguez,3.1,2586
1997,Mike Hampton,3.1,430
1983,Joe Niekro,3.1,1009582
2014,Collin McHugh,3.0,7531
1997,Shane Reynolds,3.0,574
1999,Scott Elarton,3.0,426
1974,Dave Roberts,2.9,1011031
1994,Doug Drabek,2.9,1003473
2008,Wandy Rodriguez,2.9,2586
1964,Ken Johnson,2.9,1006477
1999,Chris Holt,2.9,1005983
1962,Hal Woodeshick,2.9,1014215
1972,Jerry Reuss,2.8,1010853
2017,Lance McCullers Jr.,2.8,14120
2001,Wade Miller,2.8,568
2018,Charlie Morton,2.8,4676
1985,Bob Knepper,2.8,1007031
1987,Dave Smith,2.8,1012117
1990,Danny Darwin,2.8,1002996
2002,Octavio Dotel,2.8,555
1963,Bob Bruce,2.7,1001573
1967,Dave Giusti,2.7,1004748
1994,Shane Reynolds,2.7,574
1998,Jose Lima,2.7,475
2021,Luis Garcia,2.7,23735
2016,Chris Devenski,2.7,12763
2016,Collin McHugh,2.7,7531
1968,Denny Lemaster,2.7,1007512
2003,Tim Redding,2.7,573
1981,Bob Knepper,2.7,1007031
2012,Lucas Harrell,2.7,7541
1989,Jim Deshaies,2.7,1003228
1974,Larry Dierker,2.6,1003288
1987,Danny Darwin,2.6,1002996
1992,Doug Jones,2.6,1006552
1995,Doug Drabek,2.6,1003473
2003,Roy Oswalt,2.6,571
1989,Mike Scott,2.6,1011691
1983,Bob Knepper,2.6,1007031
1973,Ken Forsch,2.6,1004234
2001,Shane Reynolds,2.6,574
1992,Pete Harnisch,2.5,1005374
2015,Lance McCullers Jr.,2.5,14120
2005,Brad Lidge,2.5,563
2010,Roy Oswalt,2.5,571
2018,Lance McCullers Jr.,2.4,14120
1980,Ken Forsch,2.4,1004234
1973,Don Wilson,2.4,1014071
1966,Larry Dierker,2.4,1003288
1978,Ken Forsch,2.4,1004234
2016,Dallas Keuchel,2.4,9434
2021,Lance McCullers Jr.,2.4,14120
1996,Mike Hampton,2.4,430
1969,Tom Griffin,2.4,1005054
1993,Darryl Kile,2.4,1163
1989,Larry Andersen,2.3,1000236
2003,Billy Wagner,2.3,578
1975,J.R. Richard,2.3,1010913
1976,Larry Dierker,2.3,1003288
1998,Mike Hampton,2.3,430
2017,Dallas Keuchel,2.3,9434
1995,Mike Hampton,2.3,430
1980,Vern Ruhle,2.2,1011297
1981,Joe Niekro,2.2,1009582
1983,Frank DiPino,2.2,1003320
1997,Billy Wagner,2.2,578
1984,Mike Scott,2.2,1011691
1980,Joe Sambito,2.2,1011392
1967,Larry Dierker,2.1,1003288
1965,Robin Roberts,2.1,1011046
1993,Xavier Hernandez,2.1,1005715
2020,Zack Greinke,2.1,1943
2014,Brett Oberholtzer,2.1,3855
1970,Don Wilson,2.1,1014071
1966,Dave Giusti,2.0,1004748
2012,Wandy Rodriguez,2.0,2586
1965,Claude Raymond,2.0,1010732
1993,Greg Swindell,2.0,76
2020,Framber Valdez,2.0,17295
2001,Billy Wagner,2.0,578
1984,Joe Niekro,2.0,1009582
1997,Chris Holt,1.9,1005983
1964,Don Nottebart,1.9,1009651
2011,Bud Norris,1.9,9492
2016,Lance McCullers Jr.,1.9,14120
1971,Wade Blasingame,1.9,1001057
1968,Larry Dierker,1.9,1003288
2019,Wade Miley,1.9,8779
2013,Bud Norris,1.9,9492
1970,Wade Blasingame,1.9,1001057
1980,Dave Smith,1.9,1012117
2004,Andy Pettitte,1.9,840
1963,Hal Brown,1.8,1001520
1975,Dave Roberts,1.8,1011031
2021,Ryan Pressly,1.8,7005
1984,Mike LaCoss,1.8,1007240
1964,Don Larsen,1.8,1007359
1973,J.R. Richard,1.8,1010913
1979,Joe Niekro,1.8,1009582
1978,Joe Sambito,1.8,1011392
1998,Billy Wagner,1.8,578
2017,Ken Giles,1.8,12910
1995,Dave Veres,1.8,1188
1977,Mark Lemongello,1.8,1007521
1965,Larry Dierker,1.8,1003288
1972,Dave Roberts,1.8,1011031
1974,Tom Griffin,1.8,1005054
2008,Chris Sampson,1.8,2651
1964,Jim Owens,1.8,1009923
1962,Jim Golden,1.8,1004804
1979,Ken Forsch,1.8,1004234
1995,Darryl Kile,1.7,1163
1977,Floyd Bannister,1.7,1000516
1985,Mike Scott,1.7,1011691
2016,Will Harris,1.7,3192
1996,Donne Wall,1.7,39
2012,Bud Norris,1.7,9492
2021,Framber Valdez,1.7,17295
1983,Mike Scott,1.7,1011691
2006,Dan Wheeler,1.7,120
2000,Scott Elarton,1.7,426
1996,Doug Drabek,1.7,1003473
2003,Octavio Dotel,1.7,555
1984,Bob Knepper,1.7,1007031
2002,Billy Wagner,1.7,578
1990,Mark Portugal,1.7,1010460
2019,Zack Greinke,1.7,1943
2011,Brett Myers,1.7,962
1990,Larry Andersen,1.7,1000236
2000,Wade Miller,1.6,568
2010,Felipe Paulino,1.6,3777
2010,Bud Norris,1.6,9492
1982,Bob Knepper,1.6,1007031
1978,Tom Dixon,1.6,1003335
2019,Roberto Osuna,1.6,13764
2021,Zack Greinke,1.6,1943
1962,Bob Bruce,1.6,1001573
1989,Danny Darwin,1.6,1002996
1977,Joe Niekro,1.6,1009582
1989,Mark Portugal,1.6,1010460
1998,Sean Bergman,1.5,1000881
2016,Mike Fiers,1.5,7754
2019,Ryan Pressly,1.5,7005
2000,Shane Reynolds,1.5,574
1966,Barry Latman,1.5,1007377
2003,Brad Lidge,1.5,563
1991,Jimmy Jones,1.5,1006569
1969,Jim Ray,1.5,1010726
1977,Ken Forsch,1.5,1004234
1994,Todd Jones,1.4,436
2011,Wandy Rodriguez,1.4,2586
1988,Larry Andersen,1.4,1000236
2014,Josh Fields,1.4,5070
2021,Jose Urquidy,1.4,18413
1979,Joe Sambito,1.4,1011392
1978,Joe Niekro,1.4,1009582
1976,Dan Larson,1.4,1007361
1986,Jim Deshaies,1.4,1003228
2002,Carlos Hernandez,1.4,560
2013,Erik Bedard,1.4,126
2008,Brian Moehler,1.4,480
2016,Ken Giles,1.4,12910
1992,Butch Henry,1.4,1005667
1986,Danny Darwin,1.3,1002996
2018,Collin McHugh,1.3,7531
1985,Dave Smith,1.3,1012117
1978,Vern Ruhle,1.3,1011297
2012,Wilton Lopez,1.3,4227
1979,Joaquin Andujar,1.3,1000266
2017,Chris Devenski,1.3,12763
1987,Larry Andersen,1.3,1000236
2014,Scott Feldman,1.3,6283
2002,Pete Munro,1.3,1546
1963,Hal Woodeshick,1.3,1014215
2018,Hector Rondon,1.3,2391
2013,Brett Oberholtzer,1.3,3855
1964,Turk Farrell,1.2,1003950
1994,Greg Swindell,1.2,76
1977,Joe Sambito,1.2,1011392
1977,Joaquin Andujar,1.2,1000266
2003,Ron Villone,1.2,1010
1981,Vern Ruhle,1.2,1011297
2015,Josh Fields,1.2,5070
1999,Jay Powell,1.2,1271
1979,Rick Williams,1.2,1014035
2008,Randy Wolf,1.2,976
1962,Jim Umbricht,1.2,1013277
2010,Wilton Lopez,1.2,4227
2004,Wade Miller,1.2,568
1982,Vern Ruhle,1.2,1011297
2006,Wandy Rodriguez,1.1,2586
2005,Dan Wheeler,1.1,120
2015,Luke Gregerson,1.1,4090
2004,Dan Miceli,1.1,1463
1988,Bob Knepper,1.1,1007031
2010,Brandon Lyon,1.1,1312
2018,Will Harris,1.1,3192
2016,Luke Gregerson,1.1,4090
1997,Mike Magnante,1.1,929
1980,Joaquin Andujar,1.1,1000266
2020,Lance McCullers Jr.,1.1,14120
1999,Sean Bergman,1.1,1000881
2019,Will Harris,1.1,3192
2009,Brian Moehler,1.1,480
2005,Brandon Backe,1.1,1529
2008,Jose Valverde,1.1,1726
1981,Dave Smith,1.1,1012117
1962,George Brunet,1.1,1001590
2017,Collin McHugh,1.1,7531
2013,Dallas Keuchel,1.1,9434
1974,Claude Osteen,1.1,1009878
2004,Pete Munro,1.1,1546
2006,Brad Lidge,1.1,563
1992,Xavier Hernandez,1.1,1005715
2019,Brad Peacock,1.0,5401
2017,Justin Verlander,1.0,8700
1966,Turk Farrell,1.0,1003950
2003,Jeriome Robertson,1.0,1619
2018,Ryan Pressly,1.0,7005
1988,Jim Deshaies,1.0,1003228
1995,Greg Swindell,1.0,76
1988,Danny Darwin,1.0,1002996
1972,Tom Griffin,1.0,1005054
1965,Dave Giusti,1.0,1004748
1962,Don McMahon,0.9,1008629
1962,Bobby Tiefenauer,0.9,1013057
1997,Russ Springer,0.9,1652
2017,Joe Musgrove,0.9,12970
2015,Tony Sipp,0.9,8280
1991,Curt Schilling,0.9,73
2014,Jarred Cosart,0.9,10304
1976,Joaquin Andujar,0.9,1000266
1998,Jay Powell,0.9,1271
2021,Cristian Javier,0.9,17606
1975,Larry Dierker,0.9,1003288
2015,Vince Velasquez,0.9,11189
1988,Dave Smith,0.9,1012117
1991,Mark Portugal,0.9,1010460
2001,Pedro Astacio,0.9,862
2019,Jose Urquidy,0.9,18413
1965,Don Nottebart,0.9,1009651
2014,Tony Sipp,0.9,8280
1990,Dave Smith,0.9,1012117
2009,Jeff Fulchino,0.8,3532
1974,Ken Forsch,0.8,1004234
2018,Tony Sipp,0.8,8280
2010,J.A. Happ,0.8,7410
2009,Mike Hampton,0.8,430
2000,Joe Slusarski,0.8,1012071
2007,Chad Qualls,0.8,2170
1992,Darryl Kile,0.8,1163
1997,Ramon Garcia,0.8,1004511
2017,Will Harris,0.8,3192
1965,Mike Cuellar,0.8,1002853
1993,Doug Jones,0.8,1006552
1987,Jim Deshaies,0.8,1003228
1984,Frank DiPino,0.8,1003320
1979,Randy Niemann,0.8,1009589
2000,Octavio Dotel,0.8,555
1994,Darryl Kile,0.8,1163
2007,Brad Lidge,0.8,563
1974,Don Wilson,0.8,1014071
1990,Jim Deshaies,0.8,1003228
2012,Jordan Lyles,0.8,7593
2015,Scott Feldman,0.8,6283
1964,Claude Raymond,0.8,1010732
2016,Doug Fister,0.8,9425
1970,Jim Bouton,0.8,1001241
1975,Jim Crawford,0.8,1002742
1972,Ken Forsch,0.8,1004234
1985,Jeff Calhoun,0.8,1001835
2009,Jose Valverde,0.8,1726
1971,Jim Ray,0.8,1010726
2008,LaTroy Hawkins,0.8,729
1975,Joe Niekro,0.8,1009582
2011,Mark Melancon,0.8,4264
1992,Mark Portugal,0.7,1010460
1968,Jim Ray,0.7,1010726
1966,Chris Zachary,0.7,1014404
1990,Mike Scott,0.7,1011691
1982,Bert Roberge,0.7,1011022
2004,Octavio Dotel,0.7,555
1976,Bo McLaughlin,0.7,1008608
1977,Tom Dixon,0.7,1003335
2002,Tim Redding,0.7,573
2018,Ken Giles,0.7,12910
2012,J.A. Happ,0.7,7410
1998,John Halama,0.7,1080
1967,Danny Coombs,0.7,1002582
2011,J.A. Happ,0.7,7410
1986,Charlie Kerfeld,0.7,1006860
2016,Joe Musgrove,0.7,12970
1975,Ken Forsch,0.7,1004234
1970,Ron Cook,0.7,1002576
1992,Jimmy Jones,0.7,1006569
1966,Bob Bruce,0.7,1001573
2005,Chad Qualls,0.7,2170
2008,Doug Brocail,0.7,551
1998,Scott Elarton,0.7,426
1974,Mike Cosgrove,0.7,1002651
2016,Michael Feliz,0.7,11903
1989,Dave Smith,0.7,1012117
2020,Ryan Pressly,0.7,7005
1970,Denny Lemaster,0.7,1007512
2006,Taylor Buchholz,0.7,2168
1970,Fred Gladding,0.7,1004751
1982,Frank DiPino,0.6,1003320
2009,Chris Sampson,0.6,2651
2002,Dave Mlicki,0.6,569
1965,Ken Johnson,0.6,1006477
2000,Tony McKnight,0.6,1008602
1970,Ken Forsch,0.6,1004234
1981,Frank LaCorte,0.6,1007239
2021,Brooks Raley,0.6,10061
2003,Kirk Saarloos,0.6,1516
1978,Joaquin Andujar,0.6,1000266
2007,Woody Williams,0.6,1190
2009,Alberto Arias,0.6,3087
2013,Jose Veras,0.6,2063
1969,Jim Bouton,0.6,1001241
2018,Roberto Osuna,0.6,13764
1991,Ryan Bowen,0.6,1001248
1973,Tom Griffin,0.6,1005054
2006,Trever Miller,0.6,1672
1984,Vern Ruhle,0.6,1011297
2008,Geoff Geary,0.6,1813
2009,Russ Ortiz,0.6,1124
2007,Dan Wheeler,0.6,120
2018,Brad Peacock,0.6,5401
2002,Kirk Saarloos,0.5,1516
1962,Dean Stone,0.5,1012561
2003,Jared Fernandez,0.5,324
1969,Fred Gladding,0.5,1004751
1970,Tom Griffin,0.5,1005054
2004,Brandon Backe,0.5,1529
1962,Bobby Shantz,0.5,1011804
2010,Nelson Figueroa,0.5,683
2015,Mike Fiers,0.5,7754
1966,Robin Roberts,0.5,1011046
2000,Marc Valdes,0.5,1013313
1967,Howie Reed,0.5,1010766
1977,Bo McLaughlin,0.5,1008608
2019,Collin McHugh,0.5,7531
2017,James Hoyt,0.5,14605
2012,Wesley Wright,0.5,5960
2001,Carlos Hernandez,0.5,560
2014,Chad Qualls,0.5,2170
1968,Danny Coombs,0.5,1002582
2011,Wilton Lopez,0.5,4227
2012,Mickey Storey,0.5,4721
1976,Ken Forsch,0.5,1004234
2019,Josh James,0.5,16794
1992,Rob Murphy,0.5,1009374
1990,Jim Clancy,0.5,1002255
1971,George Culver,0.5,1002870
1983,Mike Madden,0.5,1007944
1995,Mike Henneman,0.5,1005656
1992,Willie Blair,0.5,1001033
1997,Tom Martin,0.5,1219
1994,Tom Edens,0.5,1003671
1990,Dan Schatzeder,0.5,1011527
1965,Jim Owens,0.5,1009923
2016,Pat Neshek,0.5,4682
2013,Jordan Lyles,0.5,7593
1974,J.R. Richard,0.5,1010913
2020,Cristian Javier,0.5,17606
2009,Bud Norris,0.4,9492
1970,George Culver,0.4,1002870
1971,J.R. Richard,0.4,1010913
2019,Rogelio Armenteros,0.4,17679
2005,Wandy Rodriguez,0.4,2586
2009,LaTroy Hawkins,0.4,729
2019,Joe Smith,0.4,3281
1995,John Hudek,0.4,1006128
1989,Jim Clancy,0.4,1002255
1976,Joe Niekro,0.4,1009582
1971,Scipio Spinks,0.4,1012345
2001,Nelson Cruz,0.4,554
1999,Jose Cabrera,0.4,679
1979,Vern Ruhle,0.4,1011297
2006,Brandon Backe,0.4,1529
2007,Dennis Sarfate,0.4,2174
2013,Jarred Cosart,0.4,10304
1969,Dooley Womack,0.4,1014203
1991,Xavier Hernandez,0.4,1005715
2011,Jordan Lyles,0.4,7593
1992,Joe Boever,0.4,1001118
1984,Jeff Calhoun,0.4,1001835
1986,Larry Andersen,0.4,1000236
2015,Chad Qualls,0.4,2170
1987,Manny Hernandez,0.4,1005708
1990,Bill Gullickson,0.4,1005136
2021,Jake Odorizzi,0.4,6397
1980,Frank LaCorte,0.4,1007239
2012,Brandon Lyon,0.4,1312
1983,Jeff Heathcock,0.4,1005561
2021,Kendall Graveman,0.4,15514
2018,Josh James,0.4,16794
2006,Chris Sampson,0.4,2651
1994,Dave Veres,0.4,1188
2015,Will Harris,0.4,3192
2017,Michael Feliz,0.4,11903
2007,Jason Jennings,0.4,434
1963,Jim Umbricht,0.4,1013277
1972,Fred Gladding,0.4,1004751
2009,Sammy Gervacio,0.4,5127
1997,Jose Lima,0.4,475
2006,Dave Borkowski,0.4,2002
1975,Doug Konieczny,0.4,1007094
1962,Dave Giusti,0.4,1004748
1995,Todd Jones,0.4,436
2012,Xavier Cedeno,0.4,36
1982,Joe Sambito,0.4,1011392
2004,Darren Oliver,0.3,206
2014,Nick Tropeano,0.3,12385
2020,Enoli Paredes,0.3,20447
1973,Doug Konieczny,0.3,1007094
1978,Mark Lemongello,0.3,1007521
1984,Dave Smith,0.3,1012117
2012,Fernando Rodriguez,0.3,7558
2012,Hector Ambriz,0.3,559
2007,Chris Sampson,0.3,2651
2020,Jose Urquidy,0.3,18413
1998,Pete Schourek,0.3,1011608
1972,George Culver,0.3,1002870
1976,Joe Sambito,0.3,1011392
1968,John Buzhardt,0.3,1001788
2002,Brandon Puffer,0.3,572
2005,John Franco,0.3,874
2001,Ron Villone,0.3,1010
1985,Charlie Kerfeld,0.3,1006860
1999,Brian Williams,0.3,1013978
1994,Pete Harnisch,0.3,1005374
2002,Tom Gordon,0.3,282
1991,Jim Corsi,0.3,1002644
2004,Chad Qualls,0.3,2170
1966,Claude Raymond,0.3,1010732
2021,Bryan Abreu,0.3,16609
1975,Paul Siebert,0.3,1011950
1964,Hal Woodeshick,0.3,1014215
2010,Mark Melancon,0.3,4264
2006,Matt Albers,0.3,4300
1998,Mike Magnante,0.3,929
2002,Shane Reynolds,0.3,574
2015,Joe Thatcher,0.3,4620
2003,Dan Miceli,0.3,1463
1986,Dave Smith,0.2,1012117
1997,Jose Cabrera,0.2,679
1966,Ron Taylor,0.2,1012885
2017,Francis Martes,0.2,17303
1982,Mike LaCoss,0.2,1007240
1988,Bob Forsch,0.2,1004233
2016,Scott Feldman,0.2,6283
1976,Mark Lemongello,0.2,1007521
2019,Bryan Abreu,0.2,16609
1963,Jim Dickson,0.2,1003279
2010,Matt Lindstrom,0.2,4604
1963,Chris Zachary,0.2,1014404
2015,Roberto Hernandez,0.2,3273
1987,Jeff Heathcock,0.2,1005561
2011,Lucas Harrell,0.2,7541
1985,Mark Knudson,0.2,1007065
2003,Rodrigo Rosario,0.2,1747
1975,Mike Cosgrove,0.2,1002651
2007,Juan Gutierrez,0.2,3265
1979,Frank Riccelli,0.2,1010891
1996,Billy Wagner,0.2,578
1989,Dan Schatzeder,0.2,1011527
2020,Brooks Raley,0.2,10061
1995,Dean Hartgraves,0.2,1005445
1989,Juan Agosto,0.2,1000084
2019,Chris Devenski,0.2,12763
1986,Mike Madden,0.2,1007944
2015,Brett Oberholtzer,0.2,3855
2012,Edgar Gonzalez,0.2,1727
1998,C.J. Nitkowski,0.2,570
1963,Russ Kemmerer,0.2,1006824
1995,Jeff Tabaka,0.2,1012802
2014,Matt Albers,0.2,4300
1964,Dave Giusti,0.2,1004748
2021,Yimi Garcia,0.2,12095
2004,Tim Redding,0.2,573
1985,Joe Niekro,0.2,1009582
2005,Russ Springer,0.2,1652
2018,Joe Smith,0.2,3281
1977,Doug Konieczny,0.2,1007094
1993,Shane Reynolds,0.2,574
2016,Josh Fields,0.2,5070
1981,Joe Sambito,0.2,1011392
1964,Gordon Jones,0.2,1006558
2006,Chad Qualls,0.2,2170
2001,Tim Redding,0.2,573
2020,Roberto Osuna,0.2,13764
2012,Fernando Abad,0.2,4994
1996,Xavier Hernandez,0.2,1005715
1983,Dave Smith,0.2,1012117
2015,Pat Neshek,0.2,4682
1965,Danny Coombs,0.2,1002582
1963,Jim Golden,0.2,1004804
2011,Henry Sosa,0.2,6936
2002,Scott Linebrink,0.2,564
2003,Scott Linebrink,0.2,564
1979,Frank LaCorte,0.2,1007239
2007,Mark McLemore,0.2,4655
2021,Blake Taylor,0.2,16418
1974,Jerry Johnson,0.2,1006464
2002,Ricky Stone,0.2,576
1971,Ron Cook,0.1,1002576
1963,Larry Yellen,0.1,1014337
2013,Brad Peacock,0.1,5401
2008,Alberto Arias,0.1,3087
1983,Mike LaCoss,0.1,1007240
1966,Don Lee,0.1,1007453
1965,Carroll Sembera,0.1,1011740
2014,Samuel Deduno,0.1,5285
1984,Julio Solano,0.1,1012266
2007,Dave Borkowski,0.1,2002
1983,Bill Dawley,0.1,1003090
2015,Asher Wojciechowski,0.1,10836
1962,John Anderson,0.1,1000233
1971,Bill Greif,0.1,1005027
2017,David Paulino,0.1,17418
2004,Dan Wheeler,0.1,120
2000,Jay Powell,0.1,1271
2021,Rafael Montero,0.1,12760
2011,Nelson Figueroa,0.1,683
1981,Bobby Sprowl,0.1,1012367
2011,Aneury Rodriguez,0.1,8948
2002,T.J. Mathews,0.1,567
1978,Rick Williams,0.1,1014035
1966,Danny Coombs,0.1,1002582
1966,Gary Kroll,0.1,1007171
2003,Mike Gallo,0.1,1759
1991,Jim Deshaies,0.1,1003228
1982,Mark Ross,0.1,1011233
1963,Conrad Cardinal,0.1,1001939
1965,Ron Taylor,0.1,1012885
2015,Oliver Perez,0.1,1514
2000,Wayne Franklin,0.1,557
1967,Wade Blasingame,0.1,1001057
1989,Rick Rhoden,0.1,1010887
1990,Randy Hennis,0.1,1005659
2011,Wesley Wright,0.1,5960
1992,Shane Reynolds,0.1,574
2010,Brian Moehler,0.1,480
2001,Scott Linebrink,0.1,564
1993,Brian Williams,0.1,1013978
2020,Luis Garcia,0.1,23735
2006,Fernando Nieve,0.1,2173
1965,Don Arlich,0.1,1000302
2020,Andre Scrubb,0.1,20329
1969,Scipio Spinks,0.1,1012345
2008,Fernando Nieve,0.1,2173
1965,Chris Zachary,0.1,1014404
2016,Jandel Gustave,0.1,14665
1963,Joe Hoerner,0.1,1005895
2021,Ryne Stanek,0.1,15947
2009,Felipe Paulino,0.1,3777
1969,Ron Willis,0.1,1014036
1968,Steve Shea,0.1,1011842
2001,Jay Powell,0.1,1271
1979,Bert Roberge,0.1,1011022
1996,John Hudek,0.1,1006128
1977,Roy Thomas,0.1,1012993
1986,Aurelio Lopez,0.1,1007753
2020,Cionel Perez,0.1,19614
2006,Russ Springer,0.1,1652
1998,Trever Miller,0.1,1672
2016,Kevin Chapman,0.1,11240
2010,Gustavo Chacin,0.1,2060
1967,Turk Farrell,0.1,1003950
1993,Mark Grant,0.1,1004951
1987,Bob Knepper,0.1,1007031
1969,Danny Coombs,0.1,1002582
1993,Eric Bell,0.1,1000803
2019,Framber Valdez,0.1,17295
2004,Russ Springer,0.1,1652
2007,Trever Miller,0.1,1672
2015,Brad Peacock,0.1,5401
2007,Brandon Backe,0.1,1529
1967,Pat House,0.1,1006062
1963,Jay Dahl,0.1,1002926
2014,Jose Veras,0.1,2063
1966,Don Wilson,0.1,1014071
2015,Dan Straily,0.1,9460
2002,Brad Lidge,0.1,563
1979,Bobby Sprowl,0.1,1012367
1985,Jim Deshaies,0.0,1003228
1980,Randy Niemann,0.0,1009589
2018,Framber Valdez,0.0,17295
1971,Tom Griffin,0.0,1005054
1981,Joaquin Andujar,0.0,1000266
2013,David Martinez,0.0,8893
1984,Mark Ross,0.0,1011233
2020,Brad Peacock,0.0,5401
1973,Juan Pizarro,0.0,1010382
2005,Travis Driskill,0.0,134
1969,Bill Henry,0.0,1005665
1978,Frank Riccelli,0.0,1010891
1998,Jose Cabrera,0.0,679
2017,Francisco Liriano,0.0,3201
1987,Rocky Childress,0.0,1002189
2020,Blake Taylor,0.0,16418
1994,John Hudek,0.0,1006128
1965,Don Larsen,0.0,1007359
1979,Bo McLaughlin,0.0,1008608
2005,Mike Gallo,0.0,1759
1987,Rob Mallicoat,0.0,1008023
1996,Mark Small,0.0,1012076
2017,Dayan Diaz,0.0,11543
2012,Enerio Del Rosario,0.0,4204
2017,J.D. Davis,0.0,16219
2000,Jose Cabrera,0.0,679
1964,Danny Coombs,0.0,1002582
2002,Nelson Cruz,0.0,554
1990,Terry Clark,0.0,1002312
1970,Mike Marshall,0.0,1008144
2017,Reymin Guduan,0.0,13058
1980,Bobby Sprowl,0.0,1012367
1968,Wade Blasingame,0.0,1001057
2012,Jose Valdez,0.0,3217
1965,Don Lee,0.0,1007453
1967,Larry Sherry,0.0,1011883
2015,Kevin Chapman,0.0,11240
2021,Peter Solomon,0.0,20476
1971,Skip Guinn,0.0,1005128
1985,Mike Madden,0.0,1007944
2013,Josh Zeid,0.0,6527
1989,Jose Cano,0.0,1001917
1967,Jim Owens,0.0,1009923
1986,Manny Hernandez,0.0,1005708
1987,Juan Agosto,0.0,1000084
1967,Dave Eilers,0.0,1003715
2009,Billy Sadler,0.0,6235
2017,Ashur Tolliver,0.0,10044
1984,Bill Dawley,0.0,1003090
1980,Gordie Pladson,0.0,1010383
1999,Joe Slusarski,0.0,1012071
1965,Gordon Jones,0.0,1006558
1962,Dick Drott,0.0,1003511
1970,Dan Osinski,0.0,1009875
2013,Wesley Wright,0.0,5960
2014,Jose Cisnero,0.0,6399
1975,Jim York,0.0,1014351
1967,John Buzhardt,0.0,1001788
2001,Ricky Stone,0.0,576
1989,Roger Mason,0.0,1008222
1979,Mike Mendoza,0.0,1008762
2013,Jake Elmore,0.0,7290
2010,Kevin Cash,0.0,1593
2021,Pedro Baez,0.0,5420
2016,Erik Kratz,0.0,4403
1994,Ross Powell,0.0,1010496
1963,Danny Coombs,0.0,1002582
2016,David Paulino,0.0,17418
2003,Rick White,0.0,456
1967,Bruce Von Hoff,0.0,1013452
1995,Billy Wagner,0.0,578
2001,Jim Mann,0.0,566
2006,Phil Barzilla,0.0,3486
2004,Jeremy Griffiths,0.0,1731
2019,Max Stassi,0.0,10059
2019,Cy Sneed,0.0,16106
1988,Dave Meads,0.0,1008708
2010,Enerio Del Rosario,0.0,4204
1997,Manuel Barrios,0.0,1000605
2021,Phil Maton,0.0,18064
1992,Brian Williams,0.0,1013978
2007,Travis Driskill,0.0,134
2001,Tony McKnight,0.0,1008602
1966,Jim Ray,0.0,1010726
1971,Larry Yount,0.0,1014395
1990,Juan Agosto,0.0,1000084
1974,Ramon de los Santos,0.0,1003181
1981,Gordie Pladson,0.0,1010383
2013,Kevin Chapman,0.0,11240
1986,Mark Knudson,0.0,1007065
1973,Cecil Upshaw,0.0,1013292
1995,Donne Wall,0.0,39
2018,Reymin Guduan,0.0,13058
1964,Larry Dierker,0.0,1003288
1989,Greg Gross,0.0,1005086
2007,Brian Moehler,0.0,480
2010,Henry Villar,0.0,5360
2021,Tyler Ivey,0.0,20237
2012,Brett Myers,0.0,962
2014,Kyle Farnsworth,0.0,278
2021,Brandon Bielak,0.0,19866
1967,Tom Dukes,0.0,1003545
1993,Juan Agosto,0.0,1000084
1974,Doug Konieczny,0.0,1007094
2014,David Martinez,0.0,8893
1995,John Cangelosi,0.0,1001913
2020,Justin Verlander,0.0,8700
1965,Bruce Von Hoff,0.0,1013452
1991,Darryl Kile,0.0,1163
1997,Tommy Greene,0.0,1005013
2018,James Hoyt,0.0,14605
2002,Jim Mann,0.0,566
1986,Craig Reynolds,0.0,1010867
1991,Jeff Juden,0.0,1006643
1997,Oscar Henriquez,0.0,1540
2007,Matt Albers,0.0,4300
2013,Jose Cisnero,0.0,6399
1998,Mike Grzanich,0.0,1005111
1973,Jim Crawford,0.0,1002742
1964,Don Bradey,0.0,1001297
1991,Al Osuna,0.0,1009888
2017,Nori Aoki,0.0,13075
1971,Fred Gladding,0.0,1004751
2009,Yorman Bazardo,0.0,3143
2011,Sergio Escalona,0.0,7122
1962,Al Cicotte,0.0,1002235
2017,Mike Fiers,0.0,7754
1968,Hal Gilson,0.0,1004738
1996,Chris Holt,0.0,1005983
1989,Brian Meyer,0.0,1008822
2007,Troy Patton,0.0,8368
2016,Brady Rodgers,0.0,13393
1997,Sid Fernandez,0.0,1004001
2020,Chris Devenski,0.0,12763
1989,Craig Reynolds,0.0,1010867
2008,Chad Paronto,0.0,399
1982,Gordie Pladson,0.0,1010383
2020,Cy Sneed,0.0,16106
2020,Brandon Bailey,0.0,19582
2016,Brad Peacock,0.0,5401
1972,Mike Cosgrove,0.0,1002651
2011,Juan Abreu,0.0,6306
1978,Floyd Bannister,0.0,1000516
1973,Larry Dierker,0.0,1003288
1986,Rafael Montalvo,0.0,1009061
2018,J.D. Davis,0.0,16219
1974,Jim York,0.0,1014351
2021,Ralph Garza,0.0,17682
2015,Scott Kazmir,0.0,4897
1995,Jim Dougherty,0.0,1003429
2020,Chase De Jong,0.0,15036
1990,Brian Fisher,0.0,1004077
1965,Jim Ray,0.0,1010726
1994,Brian Williams,0.0,1013978
2000,Tim Bogar,-0.1,1001120
2008,Runelvys Hernandez,-0.1,1528
1988,Rocky Childress,-0.1,1002189
1968,Pat House,-0.1,1006062
1993,Jeff Juden,-0.1,1006643
2021,Ryan Hartman,-0.1,19480
2012,Brian Bogusevic,-0.1,4719
1974,Paul Siebert,-0.1,1011950
2014,Mike Foltynewicz,-0.1,10811
2017,Jandel Gustave,-0.1,14665
2003,Kirk Bullinger,-0.1,552
2001,Jose Lima,-0.1,475
1996,Terry Clark,-0.1,1002312
2017,Tyler White,-0.1,15564
2013,Chia-Jen Lo,-0.1,5440
2016,Tyler White,-0.1,15564
2018,Dean Deetz,-0.1,16687
1966,Jim Owens,-0.1,1009923
2017,Tyler Clippard,-0.1,5640
1963,George Brunet,-0.1,1001590
2001,Joe Slusarski,-0.1,1012071
2020,Humberto Castellanos,-0.1,21183
1964,Chris Zachary,-0.1,1014404
1999,Jeff McCurry,-0.1,1008440
1972,J.R. Richard,-0.1,1010913
2015,Jake Buchanan,-0.1,10962
2008,Jack Cassel,-0.1,3052
1971,Denny Lemaster,-0.1,1007512
2012,David Carpenter,-0.1,3959
1976,Jose Sosa,-0.1,1012285
2010,Fernando Abad,-0.1,4994
2011,Jose Valdez,-0.1,3217
2002,Hipolito Pichardo,-0.1,1472
2000,Dwight Gooden,-0.1,1004852
2010,Gary Majewski,-0.1,2131
2001,Brian Powell,-0.1,490
2014,Rudy Owens,-0.1,5226
2012,Aneury Rodriguez,-0.1,8948
2020,Carlos Sanabria,-0.1,16634
1968,Fred Gladding,-0.1,1004751
1988,Brian Meyer,-0.1,1008822
2011,David Carpenter,-0.1,3959
2020,Joe Biagini,-0.1,13194
1979,Gordie Pladson,-0.1,1010383
1997,Blas Minor,-0.1,1008982
1985,Ron Mathis,-0.1,1008244
2017,Luke Gregerson,-0.1,4090
1996,Gregg Olson,-0.1,1009791
2013,Rhiner Cruz,-0.1,711
2011,Fernando Rodriguez,-0.1,7558
2013,Xavier Cedeno,-0.1,36
1966,Frank Carpin,-0.1,1001982
2013,Jorge De Leon,-0.1,5397
1982,Danny Boone,-0.1,1001185
1990,Charlie Kerfeld,-0.1,1006860
2018,Chris Devenski,-0.1,12763
2015,Michael Feliz,-0.1,11903
2001,Wilfredo Rodriguez,-0.1,1011117
1996,Dean Hartgraves,-0.1,1005445
2003,Nate Bland,-0.1,1700
2000,Yorkis Perez,-0.1,1513
1973,Jim York,-0.1,1014351
2021,Robel Garcia,-0.1,13167
2004,Jared Fernandez,-0.1,324
1967,Carroll Sembera,-0.1,1011740
2021,Joe Smith,-0.1,3281
1962,George Witt,-0.1,1014172
1966,Don Arlich,-0.1,1000302
1991,Mike Capel,-0.1,1001925
1996,Danny Darwin,-0.1,1002996
2000,Kip Gross,-0.1,1005089
2004,David Weathers,-0.1,902
1967,Bo Belinsky,-0.1,1000791
1998,Reggie Harris,-0.1,1005428
2010,Wesley Wright,-0.1,5960
1995,Craig McMurtry,-0.1,1008651
1994,Mike Hampton,-0.1,430
1984,Mike Madden,-0.1,1007944
1991,Jim Clancy,-0.1,1002255
1996,John Johnstone,-0.1,1006475
2000,Jose Lima,-0.1,475
1991,Brian Williams,-0.1,1013978
1976,Mike Barlow,-0.1,1000553
1993,Todd Jones,-0.1,436
2008,Shawn Chacon,-0.1,424
1988,Ernie Camacho,-0.1,1001856
1970,Jack Dilauro,-0.1,1003296
2007,Felipe Paulino,-0.1,3777
1992,Rich Scheid,-0.1,1011542
2020,Bryan Abreu,-0.1,16609
1969,Marty Martinez,-0.1,1008181
1964,Hal Brown,-0.1,1001520
2010,Josh Banks,-0.1,5570
2001,Mike Williams,-0.1,1014
2013,Wade LeBlanc,-0.1,5221
1972,Jim York,-0.1,1014351
1966,Carroll Sembera,-0.2,1011740
2021,Kent Emanuel,-0.2,15849
2004,Chad Harville,-0.2,915
2018,Cionel Perez,-0.2,19614
2021,Enoli Paredes,-0.2,20447
2003,Jonathan Johnson,-0.2,59
1969,Skip Guinn,-0.2,1005128
1993,Tom Edens,-0.2,1003671
1967,Arnold Earley,-0.2,1003626
2010,Tim Byrdak,-0.2,1995
2005,Scott Strickland,-0.2,897
1965,Jack Lamabe,-0.2,1007266
1995,Doug Brocail,-0.2,551
2015,Samuel Deduno,-0.2,5285
2010,Sammy Gervacio,-0.2,5127
2003,Bruce Chen,-0.2,769
2000,Rusty Meacham,-0.2,1008702
2016,James Hoyt,-0.2,14605
2014,Lucas Harrell,-0.2,7541
1969,Bob Watkins,-0.2,1013668
1976,Paul Siebert,-0.2,1011950
2013,Philip Humber,-0.2,8586
1975,Mike Stanton,-0.2,1012421
1971,Buddy Harris,-0.2,1005404
1983,Julio Solano,-0.2,1012266
1996,Doug Brocail,-0.2,551
1979,Pete Ladd,-0.2,1007245
2021,Nivaldo Rodriguez,-0.2,22449
2019,Aaron Sanchez,-0.2,11490
1967,Chris Zachary,-0.2,1014404
2006,Ezequiel Astacio,-0.2,2169
2007,Rick White,-0.2,456
1993,Al Osuna,-0.2,1009888
1976,Larry Hardy,-0.2,1005353
1986,Matt Keough,-0.2,1006858
2019,Cionel Perez,-0.2,19614
1969,Jack Billingham,-0.2,1000970
1978,Oscar Zamora,-0.2,1014416
2021,Austin Pruitt,-0.2,15290
2014,Darin Downs,-0.2,5903
1986,Tom Funk,-0.2,1004408
2002,Pedro Borbon,-0.2,1289
2017,Tony Sipp,-0.2,8280
1966,Aurelio Monteagudo,-0.2,1009063
1985,Mark Ross,-0.2,1011233
1982,George Cappuzzello,-0.2,1001927
2003,Brian Moehler,-0.2,480
1979,Gary Wilson,-0.2,1014078
1972,Wade Blasingame,-0.2,1001057
2014,Jake Buchanan,-0.2,10962
2017,Jordan Jankowski,-0.2,13313
1969,Wade Blasingame,-0.2,1001057
1965,Hal Woodeshick,-0.2,1014215
1977,Gene Pentz,-0.2,1010165
1990,Al Osuna,-0.2,1009888
2006,Mike Gallo,-0.2,1759
2014,Jorge De Leon,-0.2,5397
2004,Ricky Stone,-0.2,576
2003,Brandon Puffer,-0.2,572
2006,Jason Hirsh,-0.2,6293
1991,Rob Mallicoat,-0.2,1008023
1986,Jeff Calhoun,-0.2,1001835
2005,Mike Burns,-0.2,2932
2009,Chad Paronto,-0.2,399
2011,Jeff Fulchino,-0.2,3532
2000,Scott Linebrink,-0.2,564
1975,Jose Sosa,-0.2,1012285
1984,Joe Sambito,-0.2,1011392
1991,Mike Scott,-0.2,1011691
2009,Wilton Lopez,-0.2,4227
2012,Kyle Weiland,-0.3,7874
2010,Jeff Fulchino,-0.3,3532
2019,Brady Rodgers,-0.3,13393
1973,Mike Cosgrove,-0.3,1002651
2011,Lance Pendleton,-0.3,4214
2008,Wesley Wright,-0.3,5960
1987,Ron Mathis,-0.3,1008244
1979,Tom Dixon,-0.3,1003335
1985,Jeff Heathcock,-0.3,1005561
2011,Xavier Cedeno,-0.3,36
2019,Hector Rondon,-0.3,2391
1975,Fred Scherman,-0.3,1011554
1965,Ken Mackenzie,-0.3,1007919
1995,Ross Powell,-0.3,1010496
1997,Donne Wall,-0.3,39
2014,Brad Peacock,-0.3,5401
2005,Brandon Duckworth,-0.3,954
1999,Wade Miller,-0.3,568
2019,Tyler White,-0.3,15564
1970,Buddy Harris,-0.3,1005404
2000,Mike Maddux,-0.3,1007951
2014,Raul Valdes,-0.3,1953
2004,Kirk Bullinger,-0.3,552
2000,Brian Powell,-0.3,490
2000,Jason Green,-0.3,1004998
2011,Enerio Del Rosario,-0.3,4204
1970,Jim Ray,-0.3,1010726
1981,Billy Smith,-0.3,1012098
2014,Kevin Chapman,-0.3,11240
2009,Brandon Backe,-0.3,1529
1991,Dean Wilkins,-0.3,1013955
2013,Josh Fields,-0.3,5070
1978,Gene Pentz,-0.3,1010165
1982,Randy Moffitt,-0.3,1009027
2020,Josh James,-0.3,16794
1979,George Throop,-0.3,1013048
1973,Fred Gladding,-0.3,1004751
1988,Jeff Heathcock,-0.3,1005561
2001,Wayne Franklin,-0.3,557
1980,Bert Roberge,-0.3,1011022
2019,Reymin Guduan,-0.3,13058
2013,Edgar Gonzalez,-0.3,1727
1988,Joaquin Andujar,-0.3,1000266
2000,Doug Henry,-0.3,1005668
1969,Dan Schneider,-0.3,1011592
1974,Mike Nagy,-0.3,1009439
2020,Nivaldo Rodriguez,-0.4,22449
2007,Stephen Randolph,-0.4,1655
1975,Tom Griffin,-0.4,1005054
2021,Andre Scrubb,-0.4,20329
1987,Julio Solano,-0.4,1012266
1998,Doug Henry,-0.4,1005668
2012,Francisco Cordero,-0.4,1243
1972,Joe Gibbon,-0.4,1004658
1987,Aurelio Lopez,-0.4,1007753
1990,Brian Meyer,-0.4,1008822
2014,Jerome Williams,-0.4,1137
2012,Rhiner Cruz,-0.4,711
2002,Jeriome Robertson,-0.4,1619
2010,Casey Daigle,-0.4,1880
2008,Brandon Backe,-0.4,1529
2000,Billy Wagner,-0.4,578
1996,Todd Jones,-0.4,436
1987,Charlie Kerfeld,-0.4,1006860
1978,Bo McLaughlin,-0.4,1008608
1985,Julio Solano,-0.4,1012266
1968,Tom Dukes,-0.4,1003545
1974,Fred Scherman,-0.4,1011554
1996,Jim Dougherty,-0.4,1003429
1987,Dave Meads,-0.4,1008708
2001,Dave Mlicki,-0.4,569
2009,Geoff Geary,-0.4,1813
1995,Pedro Martinez,-0.4,1008190
1967,Dan Schneider,-0.4,1011592
2009,Wesley Wright,-0.4,5960
1999,Trever Miller,-0.4,1672
2009,Doug Brocail,-0.4,551
1967,Claude Raymond,-0.4,1010732
1991,Chris Gardner,-0.4,1004521
2003,Ricky Stone,-0.4,576
1985,Bill Dawley,-0.4,1003090
2011,Fernando Abad,-0.4,4994
1986,Frank DiPino,-0.5,1003320
2003,Pete Munro,-0.5,1546
2008,Tim Byrdak,-0.5,1995
1963,Don McMahon,-0.5,1008629
2004,Brandon Duckworth,-0.5,954
1976,Mike Cosgrove,-0.5,1002651
1976,Gene Pentz,-0.5,1010165
2012,Chuckie Fick,-0.5,7978
1998,Bob Scanlan,-0.5,1011489
2005,Chad Harville,-0.5,915
1996,Greg Swindell,-0.5,76
2001,Kent Bottenfield,-0.5,1001226
1964,Joe Hoerner,-0.5,1005895
2019,Corbin Martin,-0.5,19884
2008,Dave Borkowski,-0.5,2002
1962,Russ Kemmerer,-0.5,1006824
2019,Joe Biagini,-0.5,13194
2020,Brandon Bielak,-0.5,19866
2009,Tim Byrdak,-0.5,1995
2005,Ezequiel Astacio,-0.5,2169
2012,Dallas Keuchel,-0.5,9434
1970,Scipio Spinks,-0.5,1012345
1964,Larry Yellen,-0.5,1014337
1996,Anthony Young,-0.6,1014362
1982,Dave Smith,-0.6,1012117
1988,Juan Agosto,-0.6,1000084
2014,Paul Clemens,-0.6,8037
2012,Armando Galarraga,-0.6,4222
2010,Chris Sampson,-0.6,2651
1977,Dan Larson,-0.6,1007361
1982,Frank LaCorte,-0.6,1007239
1978,Dan Warthen,-0.6,1013644
2004,Carlos Hernandez,-0.6,560
1999,Doug Henry,-0.6,1005668
1989,Bob Forsch,-0.6,1004233
1992,Rob Mallicoat,-0.6,1008023
1975,Wayne Granger,-0.6,1004945
2001,Scott Elarton,-0.6,426
2014,Josh Zeid,-0.6,6527
2011,Brandon Lyon,-0.6,1312
2001,Mike Jackson,-0.6,732
1996,Jeff Tabaka,-0.6,1012802
1976,Gilberto Rondon,-0.7,1011180
1991,Dwayne Henry,-0.7,1005670
1986,Julio Solano,-0.7,1012266
1973,Jim Ray,-0.7,1010726
1983,Frank LaCorte,-0.7,1007239
1983,Vern Ruhle,-0.7,1011297
1976,Tom Griffin,-0.8,1005054
2013,Hector Ambriz,-0.8,559
1990,Xavier Hernandez,-0.8,1005715
2016,Tony Sipp,-0.8,8280
2004,Mike Gallo,-0.8,1759
1994,Mitch Williams,-0.8,1014025
1989,Bob Knepper,-0.9,1007031
2013,Lucas Harrell,-0.9,7541
1985,Frank DiPino,-0.9,1003320
2013,Paul Clemens,-0.9,8037
1996,Alvin Morman,-0.9,1009193
2008,Oscar Villarreal,-1.0,1654
1963,Dick Drott,-1.0,1003511
2014,Anthony Bass,-1.0,7982
1967,Barry Latman,-1.1,1007377
1972,Jim Ray,-1.1,1010726
1992,Ryan Bowen,-1.2,1001248
2013,Travis Blackley,-1.2,3234
1997,John Hudek,-1.2,1006128
1992,Al Osuna,-1.4,1009888
